Name,Address,Rating,Website,Entry Fee,City,State
Hollywood Walk of Fame,"Hollywood Boulevard, Vine St, Los Angeles, CA 90028, USA",4,https://walkoffame.com/,0,Los Angeles,CA
Griffith Park,"Los Angeles, CA 90027, USA",4.7,https://www.laparks.org/griffithpark/,0,Los Angeles,CA
Griffith Observatory,"2800 E Observatory Rd, Los Angeles, CA 90027, USA",4.7,https://griffithobservatory.org/,0,Los Angeles,CA
Hollywood Sign,"Los Angeles, CA 90068, USA",4.6,https://www.hollywoodsign.org/,0,Los Angeles,CA
The Getty,"1200 Getty Center Dr, Los Angeles, CA 90049, USA",4.8,https://www.getty.edu/,0,Los Angeles,CA
Los Angeles County Museum of Art,"5905 Wilshire Blvd, Los Angeles, CA 90036, USA",4.6,https://www.lacma.org/,0,Los Angeles,CA
La Brea Tar Pits and Museum,"5801 Wilshire Blvd, Los Angeles, CA 90036, USA",4.6,https://tarpits.org/,0,Los Angeles,CA
Hollywood Wax Museum,"6767 Hollywood Blvd, Los Angeles, CA 90028, USA",4.4,https://www.hollywoodwaxentertainment.com/hollywood-ca-attractions/hollywood-wax-museum/,0,Los Angeles,CA
Old Los Angeles Zoo,"4801 Griffith Park Dr, Los Angeles, CA 90027, USA",4.6,https://laparks.org/parks,0,Los Angeles,CA
The Broad,"221 S Grand Ave, Los Angeles, CA 90012, USA",4.7,https://www.thebroad.org/,0,Los Angeles,CA
Walt Disney Concert Hall,"111 S Grand Ave, Los Angeles, CA 90012, USA",4.7,https://www.laphil.com/,0,Los Angeles,CA
Universal Studios Hollywood,"100 Universal City Plaza, Universal City, CA 91608, USA",4.6,https://www.universalstudioshollywood.com/?utm_source=google&utm_medium=organic&utm_campaign=GMB,0,Los Angeles,CA
Watts Towers Arts Center,"1727 E 107th St, Los Angeles, CA 90002, USA",4.5,https://www.wattstowers.org/,0,Los Angeles,CA
Natural History Museum of Los Angeles County,"900 Exposition Blvd, Los Angeles, CA 90007, USA",4.8,https://nhm.org/,0,Los Angeles,CA
Los Angeles Zoo,"5333 Zoo Dr, Los Angeles, CA 90027, USA",4.4,https://www.lazoo.org/,0,Los Angeles,CA
Paramount Pictures Studio Tour,"5515 Melrose Ave, Los Angeles, CA 90038, USA",4.5,http://www.paramountstudiotour.com/,0,Los Angeles,CA
Runyon Canyon Park,"2000 N Fuller Ave, Los Angeles, CA 90046, USA",4.8,http://www.laparks.org/park/runyon-canyon,0,Los Angeles,CA
Warner Bros. Studio Tour Hollywood,"3400 Warner Blvd, Burbank, CA 91505, USA",4.5,https://www.wbstudiotour.com/,0,Los Angeles,CA
Santa Monica Pier,"200 Santa Monica Pier, Santa Monica, CA 90401, USA",4.6,https://santamonicapier.org/,0,Los Angeles,CA
Venice Boardwalk,"Beach pavillion in, Los Angeles, CA 90291, USA",4.5,,0,Los Angeles,CA
Hollywood Walk of Fame,"Hollywood Blvd, Los Angeles, CA 90028, USA",4.1,,0,Los Angeles,CA
Crossroads of the World,"6671 Sunset Blvd, Los Angeles, CA 90028, USA",4.2,https://www.crossroadsoftheworldla.com/,0,Los Angeles,CA
Hollyhock House,"4800 Hollywood Blvd, Los Angeles, CA 90027, USA",4.5,http://www.hollyhockhouse.org/,0,Los Angeles,CA
Los Angeles State Historic Park,"1245 N Spring St, Los Angeles, CA 90012, USA",4.6,https://lastatehistoricpark.org/,0,Los Angeles,CA
Downtown Los Angeles Art Walk,"411 Main St Ste. M102, Los Angeles, CA 90013, USA",4.4,http://downtownartwalk.org/,0,Los Angeles,CA
Hollywood Walk Of Fame HQ,"6255 Sunset Blvd #150, Hollywood, CA 90028, USA",3.9,http://www.walkoffame.com/,0,Los Angeles,CA
Hollywood Bowl,"2301 Highland Ave, Los Angeles, CA 90068, USA",4.7,https://www.hollywoodbowl.com/,0,Los Angeles,CA
Universal CityWalk Hollywood,"100 Universal City Plaza, Universal City, CA 91608, USA",4.6,https://www.universalstudioshollywood.com/web/en/us/things-to-do/citywalk?utm_source=google&utm_medium=organic&utm_campaign=GMB,0,Los Angeles,CA
Kyoto Garden,"DoubleTree by Hilton Hotel Los Angeles Downtown, Los Angeles, CA 90012, USA",4.4,,0,Los Angeles,CA
World of Illusions Los Angeles,"6751 Hollywood Blvd, Los Angeles, CA 90028, USA",4.1,https://laillusions.com/,0,Los Angeles,CA
Heritage Square Museum,"3800 Homer St, Los Angeles, CA 90031, USA",4.7,http://heritagesquare.org/,0,Los Angeles,CA
The Hollywood Museum,"1660 Highland Ave, Hollywood, CA 90028, USA",4.4,http://www.thehollywoodmuseum.com/,0,Los Angeles,CA
INDIAN ALLEY,"421 Werdin Pl, Los Angeles, CA 90013, USA",4,https://thelosangelesbeat.com/2016/02/the-story-of-indian-alley/,0,Los Angeles,CA
Petersen Automotive Museum,"6060 Wilshire Blvd, Los Angeles, CA 90036, USA",4.7,https://petersen.org/,0,Los Angeles,CA
Doheny Mansion,"10 Chester Pl, Los Angeles, CA 90007, USA",4.5,https://www.msmu.edu/about-the-mount/university-and-external-events/venuesspaces/doheny-campus/,0,Los Angeles,CA
Bradbury Building,"304 S Broadway, Los Angeles, CA 90013, USA",4.5,https://www.laconservancy.org/locations/bradbury-building,0,Los Angeles,CA
Japanese American National Museum,"100 N Central Ave, Los Angeles, CA 90012, USA",4.7,https://www.janm.org/,0,Los Angeles,CA
GRAMMY Museum L.A. Live,"800 W Olympic Blvd, Los Angeles, CA 90015, USA",4.4,http://www.grammymuseum.org/,0,Los Angeles,CA
Angels Flight Railway,"351 S Hill St, Los Angeles, CA 90013, USA",4.5,http://angelsflight.org/,0,Los Angeles,CA
Guinness World Records Museum,"6764 Hollywood Blvd, Los Angeles, CA 90028, USA",3.8,,0,Los Angeles,CA
"The Huntington Library, Art Museum, and Botanical Gardens","1151 Oxford Rd, San Marino, CA 91108, USA",4.8,https://huntington.org/,0,Los Angeles,CA
Capitol Records Building,"1750 Vine St, Los Angeles, CA 90028, USA",4.6,http://www.capitolrecords.com/,0,Los Angeles,CA
Exposition Park Rose Garden,"701 State Dr, Los Angeles, CA 90037, USA",4.7,https://www.laparks.org/park/exposition-rose-garden,0,Los Angeles,CA
Go City® - Los Angeles,"6801 Hollywood Blvd, Los Angeles, CA 90028, USA",4.3,https://gocity.com/los-angeles/en-us?utm_medium=organic&utm_source=GoogleMyBusiness&utm_campaign=lax,0,Los Angeles,CA
Gloria Molina Grand Park,"200 N Grand Ave, Los Angeles, CA 90012, USA",4.5,http://www.grandparkla.org/,0,Los Angeles,CA
California Science Center,"700 Exposition Park Dr, Los Angeles, CA 90037, USA",4.7,http://www.californiasciencecenter.org/,0,Los Angeles,CA
Fern Dell Nature Preserve,"5375 Red Oak Dr, Los Angeles, CA 90068, USA",4.7,,0,Los Angeles,CA
Golden Ticket LA,"Next to Harley Davidson, 6808 Hollywood Blvd, Los Angeles, CA 90028, USA",4.9,https://www.goldenticket.la/,0,Los Angeles,CA
Bronson Caves,"3200 Canyon Dr, Los Angeles, CA 90068, USA",4.5,http://www.laparks.org/park/bronson-canyon,0,Los Angeles,CA
Space Center Houston,"1601 E NASA Pkwy, Houston, TX 77058, USA",4.6,https://www.spacecenter.org/,0,Houston,TX
Houston Museum of Natural Science,"5555 Hermann Park Dr, Houston, TX 77030, USA",4.8,https://www.hmns.org/,0,Houston,TX
Water Wall,"2800 Post Oak Blvd, Houston, TX 77056, USA",4.7,https://uptown-houston.com/experience/parks/waterwall-park/,0,Houston,TX
Discovery Green,"1500 McKinney St, Houston, TX 77010, USA",4.7,http://www.discoverygreen.com/,0,Houston,TX
Children's Museum Houston,"1500 Binz St, Houston, TX 77004, USA",4.6,https://www.cmhouston.org/?utm_source=google&utm_medium=organic&utm_campaign=gmbhouston,0,Houston,TX
Hermann Park,"6001 Fannin St, Houston, TX 77030, USA",4.7,https://www.hermannpark.org/,0,Houston,TX
Holocaust Museum Houston,"5401 Caroline St, Houston, TX 77004, USA",4.7,https://hmh.org/,0,Houston,TX
Sam Houston Park,"1000 Bagby St, Houston, TX 77002, USA",4.6,https://www.houstontx.gov/abouthouston/samhoustonpark.html,0,Houston,TX
Market Square Park,"301 Milam St, Houston, TX 77002, USA",4.5,http://marketsquarepark.com/,0,Houston,TX
Downtown Aquarium,"410 Bagby St, Houston, TX 77002, USA",4.1,http://www.downtownaquarium.com/,0,Houston,TX
Gerald D. Hines Waterwall Park,"2800 Post Oak Blvd, Houston, TX 77056, USA",4.7,http://www.uptown-houston.com/news/page/water-wall-park,0,Houston,TX
Buffalo Bayou Park,"Shepherd Drive to Sabine Street between Allen Parkway and, Memorial Dr, Houston, TX 77019, USA",4.7,https://buffalobayou.org/,0,Houston,TX
McGovern Centennial Gardens,"1500 Hermann Dr, Houston, TX 77004, USA",4.8,https://www.hermannpark.org/visit/mcgovern-centennial-gardens/,0,Houston,TX
Houston Arboretum & Nature Center,"4501 Woodway Dr, Houston, TX 77024, USA",4.7,http://www.houstonarboretum.org/,0,Houston,TX
Memorial Park,"6501 Memorial Dr, Houston, TX 77007, USA",4.7,http://www.memorialparkconservancy.org/,0,Houston,TX
"Bayou Bend Collection and Gardens, Museum of Fine Arts, Houston","6003 Memorial Dr, Houston, TX 77007, USA",4.5,http://www.mfah.org/visit/bayou-bend-collection-and-gardens/,0,Houston,TX
National Museum of Funeral History,"415 Barren Springs Dr, Houston, TX 77090, USA",4.8,http://www.nmfh.org/,0,Houston,TX
Smither Park,"2441 Munger St, Houston, TX 77023, USA",4.7,http://orangeshow.org/,0,Houston,TX
The Health Museum,"1515 Hermann Dr, Houston, TX 77004, USA",4.3,http://www.thehealthmuseum.org/,0,Houston,TX
Beer Can House,"222 Malone St, Houston, TX 77007, USA",4.4,https://www.full.orangeshow.org/beer-can-house,0,Houston,TX
Eleanor Tinsley Park,"18-3600 Allen Pkwy, Houston, TX 77019, USA",4.7,http://www.houstontx.gov/,0,Houston,TX
American Statesmanship Park,"1400 Elder St, Houston, TX 77007, USA",4.3,https://www.waymarking.com/waymarks/WMNHPK_Mount_Rush_Hour_Houston_TX,0,Houston,TX
Hermann Square,"900 Bagby St, Houston, TX 77002, USA",4.5,,0,Houston,TX
Houston Legendary Graffiti Building,"2011 Leeland St, Houston, TX 77003, USA",4.7,https://instagram.com/gofa_dagusto1k?utm_source=qr&igshid=MzNlNGNkZWQ4Mg%3D%3D,0,Houston,TX
Mecom Fountain,"Hermann Dr, Houston, TX 77005, USA",4.4,http://www.hermannpark.org/poi/35/,0,Houston,TX
"The Museum of Fine Arts, Houston","1001 Bissonnet St, Houston, TX 77005, USA",4.8,https://www.mfah.org/,0,Houston,TX
Pioneer Memorial Obelisk,"6001 Fannin St, Houston, TX 77030, USA",4.8,http://www.hermannpark.org/poi/44/,0,Houston,TX
Waugh Drive Bat Colony,"Waugh Dr, Houston, TX 77002, USA",4.6,https://tpwd.texas.gov/huntwild/wild/species/bats/bat-watching-sites/waugh-drive-bridge.phtml,0,Houston,TX
The Menil Collection,"1533 Sul Ross St, Houston, TX 77006, USA",4.6,https://www.menil.org/,0,Houston,TX
Graffiti Park Downtown Houston,"1503 Chartres St, Houston, TX 77003, USA",4.2,,0,Houston,TX
Allen's Landing Park,"1005 Commerce St, Houston, TX 77002, USA",4.4,,0,Houston,TX
Tranquillity Park,"400 Rusk St, Houston, TX 77002, USA",4.3,http://www.houstontx.gov/parks/index.html,0,Houston,TX
Houston Botanic Garden,"1 Botanic Ln, Houston, TX 77017, USA",4.5,https://hbg.org/,0,Houston,TX
Buffalo Bayou Park Cistern,"105-B Sabine St, Houston, TX 77007, USA",4.6,https://buffalobayou.org/location/the-cistern/,0,Houston,TX
Sesquicentennial Park,"400 Texas Ave, Houston, TX 77002, USA",4.5,,0,Houston,TX
Buffalo Soldiers National Museum,"3816 Caroline St, Houston, TX 77004, USA",4.7,https://buffalosoldiersmuseum.org/,0,Houston,TX
Houston Mural,"1308 North Loop, Houston, TX 77009, USA",4.8,,0,Houston,TX
Contemporary Arts Museum Houston,"5216 Montrose Blvd, Houston, TX 77006, USA",4.4,http://www.camh.org/,0,Houston,TX
Japanese Garden,"6000 Fannin St, Houston, TX 77030, USA",4.7,https://www.hermannpark.org/,0,Houston,TX
Levy Park,"3801 Eastside St, Houston, TX 77098, USA",4.8,http://levyparkhouston.org/,0,Houston,TX
Waugh Drive Bridge,"Houston, TX 77019, USA",4.8,https://tpwd.texas.gov/huntwild/wild/species/bats/bat-watching-sites/waugh-drive-bridge.phtml,0,Houston,TX
Cascade at The Wortham,"8 Prairie St, Houston, TX 77002, USA",4.1,,0,Houston,TX
Burke Baker Planetarium,"5555 Hermann Park Dr, Houston, TX 77030, USA",4.1,http://www.hmns.org/index.php?option=com_content&id=50&Itemid=56,0,Houston,TX
Houston Museum of African American Culture,"4807 Caroline St, Houston, TX 77004, USA",4.4,http://www.hmaac.org/,0,Houston,TX
Lawndale Art Center,"4912 Main St, Houston, TX 77002, USA",4.6,http://www.lawndaleartcenter.org/,0,Houston,TX
George Bush Monument,"Bagby St & Franklin St, Houston, TX 77002, USA",4.3,https://www.downtownhouston.org/guidedetail/sights-attractions/george-bush-monument/,0,Houston,TX
Harrisburg Art Museum,"4300 Harrisburg Blvd, Houston, TX 77011, USA",4.7,https://www.hamhouston.com/,0,Houston,TX
The Orange Show Center for Visionary Art,"2401 Munger St, Houston, TX 77023, USA",4.5,https://www.orangeshow.org/,0,Houston,TX
African Forest,"6200 Hermann Park Dr, Houston, TX 77030, USA",4.9,https://www.houstonzoo.org/explore/exhibits/african-forest/,0,Houston,TX
Montrose Paint Wall,"1435 Westheimer Rd, Houston, TX 77006, USA",4.3,,0,Houston,TX
Eclectic Menagerie Park,"Houston, TX 77051, USA",4.5,http://www.texaspipe.com/about/eclectic-menagerie-park,0,Houston,TX
"Rienzi, Museum of Fine Arts, Houston","1406 Kirby Dr, Houston, TX 77019, USA",4.7,http://www.mfah.org/rienzi,0,Houston,TX
Color Factory Houston,"3303 Kirby Dr, Houston, TX 77098, USA",4.6,https://www.colorfactory.co/locations/houston,0,Houston,TX
McNair Asian Elephant Habitat,"6200 Hermann Park Dr, Houston, TX 77030, USA",4.9,https://www.houstonzoo.org/explore/exhibits/elephant-habitat-area/,0,Houston,TX
The Heritage Society at Sam Houston Park,"1100 Bagby St, Houston, TX 77002, USA",4.6,https://www.heritagesociety.org/,0,Houston,TX
Old Town Harrisburg,"6632 Harrisburg Blvd, 6611 Capitol St 1/2 2, Houston, TX 77011, USA",4.3,http://www.oldtownharrisburgwebsite.net/,0,Houston,TX
Hawkins Sculpture Walk,"1500 Hermann Dr, Houston, TX 77004, USA",4.6,http://www.hermannpark.org/poi/127/,0,Houston,TX
Historic Donnellan Family Crypt,"600 Franklin St, Houston, TX 77201, USA",5,,0,Houston,TX
Houston Police Museum,"1200 Travis St, Houston, TX 77002, USA",4.4,http://www.houstontx.gov/police/museum/,0,Houston,TX
Golden Gate Park,"San Francisco, CA, USA",4.7,https://sfrecpark.org/770/Golden-Gate-Park/,0,San Francisco,CA
Alcatraz Island,"San Francisco, CA 94133, USA",4.7,https://www.nps.gov/alca/index.htm,0,San Francisco,CA
Union Square,"San Francisco, CA 94108, USA",4.4,https://visitunionsquaresf.com/,0,San Francisco,CA
Golden Gate Bridge,"Golden Gate Brg, San Francisco, CA, USA",4.8,https://www.goldengate.org/,0,San Francisco,CA
San Francisco Maritime National Historical Park,"San Francisco, CA 94109, USA",4.6,http://www.nps.gov/safr,0,San Francisco,CA
PIER 39,"The Embarcadero, San Francisco, CA 94133, USA",4.6,https://www.pier39.com/,0,San Francisco,CA
Crissy Field,"San Francisco, CA 94129, USA",4.7,https://www.nps.gov/prsf/learn/historyculture/crissy-field.htm,0,San Francisco,CA
Fort Point National Historic Site,"201 Marine Dr, San Francisco, CA 94129, USA",4.7,http://www.nps.gov/fopo/planyourvisit/hours.htm,0,San Francisco,CA
Coit Tower,"1 Telegraph Hill Blvd, San Francisco, CA 94133, USA",4.5,https://sfrecpark.org/Facilities/Facility/Details/Coit-Tower-290,0,San Francisco,CA
San Francisco Zoo,"Sloat Blvd &, Upper Great Hwy, San Francisco, CA 94132, USA",4.4,https://www.sfzoo.org/,0,San Francisco,CA
Twin Peaks,"501 Twin Peaks Blvd, San Francisco, CA 94114, USA",4.7,https://sfrecpark.org/Facilities/Facility/Details/Twin-Peaks-384,0,San Francisco,CA
USS San Francisco Memorial,"San Francisco, CA 94121, USA",4.7,http://www.usssanfrancisco.org/,0,San Francisco,CA
Exploratorium,"Pier 15 Embarcadero at, Green St, San Francisco, CA 94111, USA",4.7,https://www.exploratorium.edu/,0,San Francisco,CA
The Walt Disney Family Museum,"104 Montgomery St, San Francisco, CA 94129, USA",4.6,https://www.waltdisney.org/,0,San Francisco,CA
Sutro Baths,"1004 Point Lobos Ave, San Francisco, CA 94121, USA",4.7,https://www.nps.gov/goga/planyourvisit/cliff-house-sutro-baths.htm,0,San Francisco,CA
Washington Square,"Filbert St & Stockton Street, San Francisco, CA 94133, USA",4.5,https://sfrecpark.org/,0,San Francisco,CA
de Young Museum,"50 Hagiwara Tea Garden Dr, San Francisco, CA 94118, USA",4.6,https://www.famsf.org/visit/de-young,0,San Francisco,CA
Sea Lion Viewing Area,"Pier 39, San Francisco, CA 94133, USA",4.7,https://www.pier39.com/sealions/,0,San Francisco,CA
San Francisco Museum of Modern Art,"151 3rd St, San Francisco, CA 94103, USA",4.6,https://www.sfmoma.org/,0,San Francisco,CA
Yerba Buena Gardens,"750 Howard St, San Francisco, CA 94103, USA",4.6,http://yerbabuenagardens.com/,0,San Francisco,CA
Filbert Steps,"202 Filbert St, San Francisco, CA 94133, USA",4.7,,0,San Francisco,CA
San Francisco Botanical Garden,"1199 9th Ave, San Francisco, CA 94122, USA",4.8,https://gggp.org/san-francisco-botanical-garden/,0,San Francisco,CA
Mission Dolores Park,"Dolores St &, 19th St, San Francisco, CA 94114, USA",4.7,http://sfrecpark.org/destination/mission-dolores-park/,0,San Francisco,CA
Lands End Lookout,"680 Point Lobos Ave, San Francisco, CA 94121, USA",4.8,https://store.parksconservancy.org/collections/lands-end,0,San Francisco,CA
Oracle Park,"24 Willie Mays Plaza, San Francisco, CA 94107, USA",4.7,https://www.mlb.com/giants/ballpark,0,San Francisco,CA
Sea Lions,"203 The Embarcadero, San Francisco, CA 94133, USA",4.7,,0,San Francisco,CA
Aquarium of the Bay,"PIER 39 The Embarcadero &, Beach St, San Francisco, CA 94133, USA",4.2,http://www.aquariumofthebay.org/,0,San Francisco,CA
Immigrant Point Overlook,"Washington Blvd, San Francisco, CA 94129, USA",4.8,https://presidio.gov/explore/attractions/immigrant-point-overlook,0,San Francisco,CA
Golden Gate Overlook,"Langdon Ct, San Francisco, CA 94129, USA",4.8,https://www.presidio.gov/places/golden-gate-overlook,0,San Francisco,CA
California Academy of Sciences,"55 Music Concourse Dr, San Francisco, CA 94118, USA",4.6,https://www.calacademy.org/,0,San Francisco,CA
Presidio of San Francisco,"San Francisco, CA 94129, USA",4.8,https://www.nps.gov/prsf/planyourvisit/basicinfo.htm,0,San Francisco,CA
Hyde Street Pier,"2905 Hyde St, San Francisco, CA 94109, USA",4.6,http://www.nps.gov/safr/index.htm,0,San Francisco,CA
Legion of Honor,"100 34th Ave, San Francisco, CA 94121, USA",4.7,https://www.famsf.org/visit/legion-of-honor,0,San Francisco,CA
The Painted Ladies,"San Francisco, CA 94117, USA",4.4,,0,San Francisco,CA
Rincon Park,"The Embarcadero & Folsom St, San Francisco, CA 94105, USA",4.6,http://www.sfparksalliance.org/our-parks/parks/rincon-park,0,San Francisco,CA
Ripley's Believe It or Not!,"175 Jefferson St, San Francisco, CA 94133, USA",4.2,https://www.ripleys.com/attractions/ripleys-believe-it-or-not-san-francisco,0,San Francisco,CA
Tank Hill,"Twin Peaks Blvd, San Francisco, CA 94114, USA",4.8,https://sfrecpark.org/facilities/facility/details/tankhill-380,0,San Francisco,CA
San Francisco Carousel at Pier 39,"39 Pier 39, San Francisco, CA 94133, USA",4.5,https://www.pier39.com/san-francisco-carousel/,0,San Francisco,CA
Shakespeare Garden,"335 Martin Luther King Jr Dr, San Francisco, CA 94118, USA",4.7,https://sfrecpark.org/913/Golden-Gate-Park---Shakespeare-Garden,0,San Francisco,CA
Japanese Tea Garden,"75 Hagiwara Tea Garden Dr, San Francisco, CA 94118, USA",4.5,https://gggp.org/japanese-tea-garden/,0,San Francisco,CA
Ferry Building,"1 Ferry Building, San Francisco, CA 94105, USA",4.6,https://www.ferrybuildingmarketplace.com/,0,San Francisco,CA
Rockefeller Center,"45 Rockefeller Plaza, New York, NY 10111, USA",4.7,https://www.rockefellercenter.com/,0,New York City,NY
Times Square,"Manhattan, NY 10036, USA",4.7,https://www.timessquarenyc.org/,0,New York City,NY
Central Park,"New York, NY, USA",4.8,https://www.centralparknyc.org/,0,New York City,NY
Statue of Liberty,"New York, NY 10004, USA",4.7,https://www.nps.gov/stli/index.htm,0,New York City,NY
The Channel Gardens,"New York, NY 10020, USA",4.6,https://www.rockefellercenter.com/attractions/the-channel-gardens/,0,New York City,NY
Top of The Rock,"30 Rockefeller Plaza, New York, NY 10112, USA",4.7,https://www.rockefellercenter.com/attractions/top-of-the-rock-observation-deck/,0,New York City,NY
Rockefeller Park,"75 Battery Place, New York, NY 10280, USA",4.7,https://bpca.ny.gov/place/rockefeller-park/,0,New York City,NY
Empire State Building,"20 W 34th St., New York, NY 10001, USA",4.7,https://www.esbnyc.com/,0,New York City,NY
Brooklyn Bridge,"New York, NY 10038, USA",4.8,https://www.nyc.gov/html/dot/html/infrastructure/brooklyn-bridge.shtml,0,New York City,NY
The High Line,"New York, NY 10011, USA",4.7,https://www.thehighline.org/,0,New York City,NY
Manhattan Bridge,"Manhattan Brg, New York, NY 11201, USA",4.6,https://www.nyc.gov/html/dot/html/infrastructure/manhattan-bridge.shtml,0,New York City,NY
One World Trade Center,"285 Fulton St, New York, NY 10007, USA",4.8,https://www.wtc.com/about/buildings/1-world-trade-center,0,New York City,NY
Statue of Liberty Vista Point,"Battery Park Underpass, New York, NY 10004, USA",4.6,http://www.thebattery.org/,0,New York City,NY
The Museum of Modern Art,"11 W 53rd St, New York, NY 10019, USA",4.6,https://www.moma.org/,0,New York City,NY
Tenement Museum,"103 Orchard St, New York, NY 10002, USA",4.6,https://www.tenement.org/,0,New York City,NY
The Battery,"New York, NY 10004, USA",4.6,https://www.thebattery.org/,0,New York City,NY
SUMMIT One Vanderbilt,"45 E 42nd St, New York, NY 10017, USA",4.6,https://summitov.com/,0,New York City,NY
Brooklyn Bridge Park,"Brooklyn, NY 11201, USA",4.8,https://www.brooklynbridgepark.org/,0,New York City,NY
9/11 Memorial & Museum,"180 Greenwich St, New York, NY 10007, USA",4.8,https://www.911memorial.org/,0,New York City,NY
Washington Square Park,"Washington Square, New York, NY 10012, USA",4.6,https://www.nycgovparks.org/parks/washington-square-park,0,New York City,NY
One World Observatory,"117 West St, New York, NY 10007, USA",4.7,https://oneworldobservatory.com/,0,New York City,NY
Ellis Island,"Ellis Island, New York, NY 10280, USA",4.6,https://www.visithudson.org/things-to-do/attractions/ellis-island/,0,New York City,NY
City Hall Park,"Broadway &, Chambers St, New York, NY 10007, USA",4.5,http://www.nycgovparks.org/parks/city-hall-park,0,New York City,NY
Intrepid Museum,"Pier 86, W 46th St, New York, NY 10036, USA",4.6,https://intrepidmuseum.org/,0,New York City,NY
Union Square Park,"201 Park Ave S, New York, NY 10003, USA",4.5,https://www.unionsquarenyc.org/,0,New York City,NY
Castle Clinton National Monument,"New York, NY 10004, USA",4.4,https://www.nps.gov/cacl/index.htm,0,New York City,NY
Liberty Park,"155 Cedar St, New York, NY 10006, USA",4.7,https://www.nycgovparks.org/,0,New York City,NY
Governors Island National Monument,"10 South St, New York, NY 10004, USA",4.6,https://www.nps.gov/gois/contacts.htm,0,New York City,NY
Brookfield Place,"230 Vesey St, New York, NY 10281, USA",4.6,https://bfplny.com/,0,New York City,NY
The Seaport,"19 Fulton St, New York, NY 10038, USA",4.5,https://theseaport.nyc/,0,New York City,NY
Prospect Park,"Brooklyn, NY, USA",4.7,https://www.prospectpark.org/,0,New York City,NY
Edge NYC,"30 Hudson Yards, New York, NY 10001, USA",4.6,https://www.edgenyc.com/,0,New York City,NY
Liberty State Park,"1 Audrey Zapp Dr, Jersey City, NJ 07305, USA",4.7,https://www.njparksandforests.org/parks/libertystatepark.html,0,New York City,NY
Color Factory NYC,"251 Spring St, New York, NY 10013, USA",4.5,https://www.colorfactory.co/locations/new-york-city,0,New York City,NY
National Museum of the American Indian,"1 Bowling Green, New York, NY 10004, USA",4.5,https://www.americanindian.si.edu/,0,New York City,NY
Federal Hall National Memorial,"26 Wall St, New York, NY 10005, USA",4.5,https://www.nps.gov/feha/index.htm,0,New York City,NY
Navy Pier,"600 E Grand Ave, Chicago, IL 60611, USA",4.6,https://navypier.org/,0,Chicago,IL
Skydeck Chicago,"233 S Wacker Dr, Chicago, IL 60606, USA",4.5,https://theskydeck.com/?utm_source=google&utm_medium=organic&utm_campaign=googlemybusiness,0,Chicago,IL
Cloud Gate,"201 E Randolph St, Chicago, IL 60602, USA",4.7,https://www.chicago.gov/city/en/depts/dca/supp_info/chicago_s_publicartcloudgateinmillenniumpark.html,0,Chicago,IL
Riverwalk,"Chicago, IL 60601, USA",4.8,https://www.chicago.gov/city/en/sites/chicagoriverwalk/home.html,0,Chicago,IL
360 CHICAGO,"875 N Michigan Ave 94th floor, Chicago, IL 60611, USA",4.5,https://360chicago.com/?utm_source=GMBlisting&utm_medium=organic&utm_content=listing,0,Chicago,IL
Millennium Park,"Chicago, IL 60602, USA",4.7,https://www.chicago.gov/city/en/depts/dca/supp_info/millennium_park.html,0,Chicago,IL
Clarence F. Buckingham Memorial Fountain,"301 S Columbus Dr, Chicago, IL 60605, USA",4.7,https://www.chicagoparkdistrict.com/parks-facilities/clarence-f-buckingham-memorial-fountain,0,Chicago,IL
Shedd Aquarium,"1200 S Dusable Lk Shr Dr, Chicago, IL 60605, USA",4.5,https://www.sheddaquarium.org/,0,Chicago,IL
Lincoln Park Zoo,"Chicago, IL 60614, USA",4.6,https://www.lpzoo.org/,0,Chicago,IL
Wrigley Square,"201 E Randolph St, Chicago, IL 60601, USA",4.7,,0,Chicago,IL
The Art Institute of Chicago,"111 S Michigan Ave, Chicago, IL 60603, USA",4.8,https://www.artic.edu/,0,Chicago,IL
Grant Park,"Chicago, IL, USA",4.7,https://www.chicagoparkdistrict.com/parks-facilities/grant-ulysses-park,0,Chicago,IL
Willis Tower,"233 S Wacker Dr, Chicago, IL 60606, USA",4.5,https://www.willistower.com/,0,Chicago,IL
The Richard H. Driehaus Museum,"50 E Erie St, Chicago, IL 60611, USA",4.7,http://www.driehausmuseum.org/,0,Chicago,IL
Wrigley Field,"1060 W Addison St, Chicago, IL 60613, USA",4.8,https://www.mlb.com/cubs/ballpark,0,Chicago,IL
Field Museum,"1400 S Lake Shore Dr, Chicago, IL 60605, USA",4.7,https://www.fieldmuseum.org/,0,Chicago,IL
875 North Michigan Avenue,"875 N Michigan Ave, Chicago, IL 60611, USA",4.7,https://875northmichiganavenue.com/,0,Chicago,IL
Crown Fountain,"201 E Randolph St, Chicago, IL 60602, USA",4.7,http://www.cityofchicago.org/city/en/depts/dca/supp_info/chicago_s_publicartcrownfountaininmillenniumpark.html,0,Chicago,IL
Chicago History Museum,"1601 N Clark St, Chicago, IL 60614, USA",4.6,https://www.chicagohistory.org/,0,Chicago,IL
Lurie Garden,"220 E Monroe St, Chicago, IL 60601, USA",4.8,http://www.luriegarden.org/,0,Chicago,IL
Chicago Cultural Center,"78 E Washington St, Chicago, IL 60602, USA",4.7,http://www.chicagoculturalcenter.org/,0,Chicago,IL
Chicago Children's Museum,"700 E Grand Ave, Chicago, IL 60611, USA",4.6,http://www.chicagochildrensmuseum.org/,0,Chicago,IL
DuSable Bridge,"333 Michigan Ave, Chicago, IL 60601, USA",4.7,http://webapps.cityofchicago.org/landmarksweb/web/landmarkdetails.htm?lanId=1369,0,Chicago,IL
Chicago's Chinatown Gateway,"2206 S Wentworth Ave, Chicago, IL 60616, USA",4.4,http://ccbachicago.org/,0,Chicago,IL
Great Lawn,"Chicago, IL 60601, USA",4.6,,0,Chicago,IL
The Museum Campus,"337 E Randolph St, Chicago, IL 60601, USA",4.7,http://www.chicagoparkdistrict.com/parks/grant-park/,0,Chicago,IL
Adler Planetarium,"1300 S Dusable Lk Shr Dr, Chicago, IL 60605, USA",4.2,https://www.adlerplanetarium.org/,0,Chicago,IL
Maggie Daley Park,"337 E Randolph St, Chicago, IL 60601, USA",4.7,http://maggiedaleypark.com/,0,Chicago,IL
The Wrigley Building,"400-410 Michigan Ave, Chicago, IL 60611, USA",4.7,http://www.thewrigleybuilding.com/history/,0,Chicago,IL
Northerly Island Park,"1521 S Linn White Dr, Chicago, IL 60605, USA",4.7,https://www.chicagoparkdistrict.com/parks-facilities/northerly-island,0,Chicago,IL
Museum Of Contemporary Art Chicago,"220 E Chicago Ave, Chicago, IL 60611, USA",4.4,https://mcachicago.org/#gbp,0,Chicago,IL
Chicagohenge,"180 N Stetson Ave suite 600-1, Chicago, IL 60601, USA",4.6,,0,Chicago,IL
Tribune Tower,"435 Michigan Ave, Chicago, IL 60611, USA",4.6,https://tribunetower.com/,0,Chicago,IL
Centennial Wheel,"Chicago, IL 60611, USA",4.6,https://navypier.org/location/centennial-wheel/,0,Chicago,IL
American Writers Museum,"180 North Michigan Ave, Chicago, IL 60601, USA",4.7,http://www.americanwritersmuseum.org/,0,Chicago,IL
The Rookery Building,"209 S La Salle St, Chicago, IL 60604, USA",4.6,https://www.therookerybuilding.com/,0,Chicago,IL
McCormick Bridgehouse & Chicago River Museum,"99 Chicago Riverwalk, Chicago, IL 60601, USA",4.5,http://bridgehousemuseum.org/,0,Chicago,IL
Millennium Monument,"201 E Randolph St, Chicago, IL 60601, USA",4.7,,0,Chicago,IL
The Picasso,"50 W Washington St, Chicago, IL 60602, USA",4.6,http://www.cityofchicago.org/city/en/depts/dca/supp_info/chicago_s_publicartthepicassountitledsculpture.html,0,Chicago,IL
Glessner House,"1800 S Prairie Ave, Chicago, IL 60616, USA",4.6,http://www.glessnerhouse.org/,0,Chicago,IL
Amazing Chicago's Funhouse Maze,"600 E Grand Ave, Chicago, IL 60611, USA",4.2,http://amazingchicago.com/,0,Chicago,IL
Jackson (Andrew) Park,"6401 S Stony Island Ave, Chicago, IL 60637, USA",4.6,https://www.chicagoparkdistrict.com/parks-facilities/jackson-park,0,Chicago,IL
Humboldt (Alexander Von) Park,"1400 N Humboldt Dr, Chicago, IL 60622, USA",4.7,https://www.chicagoparkdistrict.com/parks-facilities/humboldt-park,0,Chicago,IL
Nature Boardwalk at Lincoln Park Zoo,"2121 N Stockton Dr, Chicago, IL 60614, USA",4.8,,0,Chicago,IL
The Chicago Theatre,"175 N State St, Chicago, IL 60601, USA",4.7,https://www.msg.com/the-chicago-theatre,0,Chicago,IL
Jane Addams Hull-House Museum,"800 S Halsted St, Chicago, IL 60607, USA",4.7,https://www.hullhousemuseum.org/,0,Chicago,IL
Milton Lee Olive Park,"E Ohio St, Chicago, IL 60611, USA",4.8,http://tclf.org/sites/default/files/microsites/kiley-legacy/MiltonLeeOlivePark.html,0,Chicago,IL
Lakeshore East Park,"450 E Benton Pl, Chicago, IL 60601, USA",4.8,https://www.chicagoparkdistrict.com/parks-facilities/lakeshore-east-park,0,Chicago,IL
Flyover,"600 E Grand Ave, Chicago, IL 60611, USA",4.8,http://experienceflyover.com/chicago,0,Chicago,IL
Lincoln Park,"500-5700 N Lake Shore Dr, Chicago, IL 60614, USA",4.7,https://www.chicagoparkdistrict.com/parks-facilities/lincoln-park/,0,Chicago,IL
Lincoln Park Conservatory,"2391 N Stockton Dr, Chicago, IL 60614, USA",4.8,https://www.lincolnparkconservancy.org/projects/conservatory-garden/,0,Chicago,IL
Monument To The Great Northern Migration,"345 E Eastgate Pl, Chicago, IL 60616, USA",4.6,http://www.cityofchicago.org/city/en/depts/dca/supp_info/chicago_s_publicart-alisonsaarsmonumenttothegreatnorthernmigrati.html,0,Chicago,IL
Go City® - Chicago,"111 N State St, Chicago, IL 60602, USA",4.5,https://gocity.com/chicago/en-us?utm_medium=organic&utm_source=GoogleMyBusiness&utm_campaign=chi,0,Chicago,IL
WNDR Museum,"1130 W Monroe St, Chicago, IL 60607, USA",4,https://wndrmuseum.com/location/chicago/?utm_source=gbp&utm_medium=organic,0,Chicago,IL
Pritzker Family Children's Zoo,"2197 N Stockton Dr APT 2119, Chicago, IL 60614, USA",4.5,https://www.lpzoo.org/exhibits/pritzker-family-childrens-zoo/,0,Chicago,IL
National Museum of Mexican Art,"1852 W 19th St, Chicago, IL 60608, USA",4.7,http://www.nationalmuseumofmexicanart.org/,0,Chicago,IL
Weird Chicago Tours,"600 N Clark St, Chicago, IL 60654, USA",3.6,http://www.weirdchicago.com/,0,Chicago,IL
Tom (Ping) Memorial Park,"1700 S Wentworth Ave, Chicago, IL 60616, USA",4.6,http://www.chicagoparkdistrict.com/parks/Ping-Tom-Memorial-Park/,0,Chicago,IL
Newberry Library,"60 W Walton St, Chicago, IL 60610, USA",4.6,https://www.newberry.org/,0,Chicago,IL
Museum of Contemporary Photography,"600 S Michigan Ave, Chicago, IL 60605, USA",4.4,http://mocp.org/,0,Chicago,IL
Fountains of Bellagio,"3600 S Las Vegas Blvd, Las Vegas, NV 89109, USA",4.8,https://bellagio.mgmresorts.com/en/entertainment/fountains-of-bellagio.html,0,Las Vegas,NV
Madame Tussauds Las Vegas,"3377 S Las Vegas Blvd Ste. 2001, Las Vegas, NV 89109, USA",4.5,https://www.madametussauds.com/las-vegas/?utm_source=local-listing&utm_medium=organic&utm_campaign=tickets,0,Las Vegas,NV
Shark Reef Aquarium at Mandalay Bay,"3950 S Las Vegas Blvd, Las Vegas, NV 89119, USA",4.4,https://mandalaybay.mgmresorts.com/en/entertainment/shark-reef-aquarium.html,0,Las Vegas,NV
The Mob Museum,"300 Stewart Ave, Las Vegas, NV 89101, USA",4.6,https://themobmuseum.org/,0,Las Vegas,NV
The Neon Museum Las Vegas,"770 Las Vegas Blvd N, Las Vegas, NV 89101, USA",4.4,https://www.neonmuseum.org/,0,Las Vegas,NV
Bellagio Conservatory & Botanical Gardens,"3600 S Las Vegas Blvd, Las Vegas, NV 89109, USA",4.8,https://bellagio.mgmresorts.com/en/entertainment/conservatory-botanical-garden.html?ecid=GMB_BE_ATT,0,Las Vegas,NV
Red Rock Canyon National Conservation Area,"Mountain Springs, NV 89161, USA",4.8,https://www.blm.gov/programs/national-conservation-lands/nevada/red-rock-canyon,0,Las Vegas,NV
Old Las Vegas Mormon Fort State Historic Park,"500 E Washington Ave, Las Vegas, NV 89101, USA",4.6,http://parks.nv.gov/parks/old-las-vegas-mormon-fort/,0,Las Vegas,NV
Gondola Rides at the Venetian,"3355 S Las Vegas Blvd, Las Vegas, NV 89109, USA",4.4,http://www.venetian.com/Las-Vegas-Activities/Gondola-Rides/,0,Las Vegas,NV
Las Vegas Natural History Museum,"900 Las Vegas Blvd N, Las Vegas, NV 89101, USA",4.5,http://www.lvnhm.org/,0,Las Vegas,NV
High Roller,"3545 S Las Vegas Blvd, Las Vegas, NV 89109, USA",4.6,https://www.caesars.com/linq/things-to-do/attractions/high-roller?utm_campaign=google&utm_source=google&utm_medium=local&utm_term=HighRoller&utm_content=attractions&y_source=1_NDM2Njg1NS03MTUtbG9jYXRpb24ud2Vic2l0ZQ==,0,Las Vegas,NV
Welcome to Fabulous Las Vegas Sign,"5100 Las Vegas Blvd S, Las Vegas, NV 89119, USA",4.6,,0,Las Vegas,NV
Las Vegas Boulevard Gateway Arches,"1998 S Las Vegas Blvd, Las Vegas, NV 89104, USA",4.5,https://www.lasvegasnevada.gov/News/Blog/Detail/las-vegas-boulevard-arches,0,Las Vegas,NV
Vegas Indoor Skydiving,"200 Convention Center Dr, Las Vegas, NV 89109, USA",4.8,https://www.vegasindoorskydiving.com/,0,Las Vegas,NV
Eiffel Tower Viewing Deck,"3655 Las Vegas Blvd S, Las Vegas, NV 89109, USA",4.5,https://www.caesars.com/paris-las-vegas/things-to-do/eiffel-tower?utm_campaign=gmb&utm_source=google&utm_medium=local&utm_term=PLV15&utm_content=attractions&y_source=1_NDM2Njg4OC03MTUtbG9jYXRpb24ud2Vic2l0ZQ%3D%3D,0,Las Vegas,NV
Fountain of the Gods,"3570 S Las Vegas Blvd space b05, Las Vegas, NV 89109, USA",4.8,,0,Las Vegas,NV
Titanic: The Artifact Exhibition,"3900 S Las Vegas Blvd, Las Vegas, NV 89119, USA",4.6,https://www.titaniclasvegas.com/,0,Las Vegas,NV
Fremont Street Experience,"Fremont St, Las Vegas, NV 89101, USA",4.6,https://vegasexperience.com/?utm_source=google&utm_medium=organic&utm_campaign=GMB,0,Las Vegas,NV
SeaQuest Las Vegas,"3528 S Maryland Pkwy Suite#340, Las Vegas, NV 89169, USA",4.7,https://visitseaquest.com/vegas,0,Las Vegas,NV
Pinball Hall of Fame,"4925 Las Vegas Blvd S, Las Vegas, NV 89119, USA",4.5,http://www.pinballmuseum.org/,0,Las Vegas,NV
Lake of Dreams,"3131 Las Vegas Blvd S, Las Vegas, NV 89109, USA",4.7,https://www.wynnlasvegas.com/entertainment/lake-of-dreams,0,Las Vegas,NV
Springs Preserve,"333 S Valley View Blvd, Las Vegas, NV 89107, USA",4.7,https://www.springspreserve.org/,0,Las Vegas,NV
The STRAT Observation Deck,"2000 Las Vegas Blvd S, Las Vegas, NV 89104, USA",4.5,https://www.thestrat.com/attractions/skypod?utm_source=gmb&utm_medium=yext,0,Las Vegas,NV
SkyJump,"2000 Las Vegas Blvd S, Las Vegas, NV 89104, USA",4.3,https://www.thestrat.com/attractions/skyjump?utm_source=gmb&utm_medium=yext,0,Las Vegas,NV
Mystic Falls Park,"5111 Boulder Hwy, Las Vegas, NV 89122, USA",4.6,https://samstownlv.boydgaming.com/things-to-do/mystic-falls-park,0,Las Vegas,NV
The Las Vegas Strip,"S Las Vegas Blvd, Las Vegas, NV 89109, USA",4.6,http://www.lasvegasnevada.gov/,0,Las Vegas,NV
Arc de Triomphe at Paris Las Vegas,"3655 Las Vegas Blvd S, Las Vegas, NV 89109, USA",4.6,https://www.caesars.com/paris-las-vegas/things-to-do?utm_campaign=google&utm_source=google&utm_medium=local&utm_term=PLV9902&utm_content=attraction,0,Las Vegas,NV
Vegas Vic - Famous Neon Cowboy Sign,"25 Fremont St, Las Vegas, NV 89101, USA",4.6,http://www.lasvegasnevada.gov/portal/faces/home?_afrLoop=938201264872392&_afrWindowMode=0&_afrWindowId=null#%40%3F_afrWindowId%3Dnull%26_afrLoop%3D938201264872392%26_afrWindowMode%3D0%26_adf.ctrl-state%3D172clwwgtk_29,0,Las Vegas,NV
Siegfried & Roy Monument,"1403 S Las Vegas Blvd, Las Vegas, NV 89109, USA",4.5,,0,Las Vegas,NV
Chinatown Vegas,"4276 Spring Mountain Rd Unit 201, Las Vegas, NV 89102, USA",4.5,https://chinatownvegas.com/,0,Las Vegas,NV
Symphony Park at The Smith Center,"361 Symphony Park Avenue, Las Vegas, NV 89106, USA",4.7,https://thesmithcenter.com/,0,Las Vegas,NV
Big Shot,"2000 S Las Vegas Blvd, Las Vegas, NV 89104, USA",4.7,https://thestrat.com/attractions/thrill-rides/big-shot,0,Las Vegas,NV
SlotZilla Zipline Las Vegas,"425 Fremont St #160, Las Vegas, NV 89101, USA",4.4,https://vegasexperience.com/slotzilla-zip-line/?utm_campaign=local-listings,0,Las Vegas,NV
Historic Downtown Las Vegas,"50 Las Vegas Blvd N, Las Vegas, NV 89101, USA",4.6,https://www.lasvegasnevada.gov/,0,Las Vegas,NV
The Fall of Atlantis at Caesars Palace,"G-25, 3500 S Las Vegas Blvd, Las Vegas, NV 89109, USA",4.3,https://www.caesars.com/caesars-palace/things-to-do/shopping?utm_campaign=GMB&utm_source=google&utm_medium=local&utm_term=CLV78&utm_content=shopping,0,Las Vegas,NV
Thrill Rides,"2000 Las Vegas Blvd S, Las Vegas, NV 89104, USA",4.4,https://stratospherehotel.com/ThrillRides?utm_source=gmb&utm_medium=yext,0,Las Vegas,NV
Las Vegas Showgirl Sign,"1810 Las Vegas Blvd S, Las Vegas, NV 89104, USA",4.7,https://www.lasvegasnevada.gov/,0,Las Vegas,NV
Miami Seaquarium,"4400, Rickenbacker Cswy, Miami, FL 33149, USA",3.7,https://miamiseaquarium.com/,0,Miami,FL
Jungle Island,"1111 Parrot Jungle Trail, Miami, FL 33132, USA",4.1,http://www.jungleisland.com/,0,Miami,FL
Bayside Marketplace,"401 Biscayne Blvd, Miami, FL 33132, USA",4.5,https://baysidemarketplace.com/,0,Miami,FL
Bayfront Park,"301 Biscayne Blvd, Miami, FL 33132, USA",4.6,http://www.bayfrontparkmiami.com/,0,Miami,FL
Lummus Park,"1130 Ocean Dr, Miami Beach, FL 33139, USA",4.6,https://www.miamibeachfl.gov/city-hall/parks-and-recreation/parks-facilities-directory/lummus-park/,0,Miami,FL
South Pointe Park Pier,"1 Washington Ave, Miami Beach, FL 33139, USA",4.8,https://www.miamiandbeaches.com/l/outdoor-experiences/south-pointe-park/2966,0,Miami,FL
Wynwood Walls,"2516 NW 2nd Ave, Miami, FL 33127, USA",4.7,https://thewynwoodwalls.com/,0,Miami,FL
Phillip & Patricia Frost Museum of Science,"1101 Biscayne Blvd, Miami, FL 33132, USA",4.4,https://www.frostscience.org/,0,Miami,FL
Vizcaya Museum & Gardens,"3251 S Miami Ave, Miami, FL 33129, USA",4.7,https://vizcaya.org/,0,Miami,FL
Pérez Art Museum Miami,"1103 Biscayne Blvd, Miami, FL 33132, USA",4.5,https://www.pamm.org/en/,0,Miami,FL
Skyviews Miami Observation Wheel,"401 Biscayne Blvd, Miami, FL 33132, USA",4.7,https://www.skyviewsobservationwheels.com/?utm_source=google&utm_medium=organic&utm_campaign=gbp,0,Miami,FL
Maurice A. Ferré Park,"1075 Biscayne Blvd, Miami, FL 33132, USA",4.7,http://www.bayfrontparkmiami.com/,0,Miami,FL
Torch of Friendship,"301 Biscayne Blvd, Miami, FL 33132, USA",4.6,http://www.miamigov.com/home/,0,Miami,FL
Miami Circle National Historic Landmark,"401 Brickell Ave, Miami, FL 33131, USA",4.6,,0,Miami,FL
Miami Beach Botanical Garden,"2000 Convention Ctr Dr, Miami Beach, FL 33139, USA",4.6,http://mbgarden.org/,0,Miami,FL
Miami Children's Museum,"980 MacArthur Cswy, Miami, FL 33132, USA",4.5,https://www.miamichildrensmuseum.org/,0,Miami,FL
Miami Walk of Fame,"401 Biscayne Blvd, Miami, FL 33132, USA",4.3,http://www.miamiwalkoffame.com/,0,Miami,FL
Holocaust Memorial Miami Beach,"1933-1945 Meridian Ave, Miami Beach, FL 33139, USA",4.8,http://www.holocaustmemorialmiamibeach.org/,0,Miami,FL
Cuban Memorial Boulevard Park,"999 SW 13th Ave, Miami, FL 33135, USA",4.5,http://www.miamigov.com/,0,Miami,FL
Miami Skyline View,"3401 Rickenbacker Cswy, Miami, FL 33149, USA",4.7,,0,Miami,FL
Superblue Miami,"1101 NW 23rd St, Miami, FL 33127, USA",4.1,https://www.superblue.com/?utm_source=rsd&utm_medium=gmb&utm_campaign=brandawareness&utm_content=,0,Miami,FL
Crandon Park,"6747 Crandon Blvd, Key Biscayne, FL 33149, USA",4.5,http://www.miamidade.gov/parks/crandon.asp,0,Miami,FL
West Venetian Causeway Bridge,"North, Atlantic Ave, Miami, FL 33132, USA",4.7,https://www.miamidade.gov/parks/venetian.asp,0,Miami,FL
Hobie Island Beach Park,"Old, Rickenbacker Cswy, Miami, FL 33149, USA",4.6,https://www.miamidade.gov/home/,0,Miami,FL
Miami G,"1111 Lincoln Rd, Miami Beach, FL 33139, USA",4.8,http://miami-g.com/,0,Miami,FL
David T. Kennedy Park,"2400 S Bayshore Dr, Miami, FL 33133, USA",4.7,https://www.miamigov.com/Residents/Parks-Directory/David-T.-Kennedy-Park,0,Miami,FL
"The Kampong, National Tropical Botanical Garden","4013 Douglas Rd, Miami, FL 33133, USA",4.6,http://ntbg.org/gardens/kampong,0,Miami,FL
The Wolfsonian-Florida International University,"1001 Washington Ave, Miami Beach, FL 33139, USA",4.5,https://wolfsonian.org/,0,Miami,FL
Lummus Park Historic District,"404 NW 3rd St, Miami, FL 33128, USA",4.5,https://www.miami.gov/Parks-Public-Places/Parks-Directory/Lummus-Park,0,Miami,FL
Magic City Casino,"450 NW 37th Ave, Miami, FL 33125, USA",3.9,http://www.magiccitycasino.com/,0,Miami,FL
Ichimura Miami Japan Garden,"1101 MacArthur Cswy, Miami, FL 33132, USA",3.7,http://friendsofjapanesegarden.com/,0,Miami,FL
Brickell Key Park,"Brickell Key Dr, Miami, FL 33131, USA",4.7,,0,Miami,FL
Miami Design Preservation League,"1001 Ocean Dr, Miami Beach, FL 33139, USA",4.5,http://www.mdpl.org/,0,Miami,FL
The Barnacle Historic State Park,"3485 Main Hwy, Miami, FL 33133, USA",4.5,https://www.floridastateparks.org/parks-and-trails/barnacle-historic-state-park,0,Miami,FL
Miami Tours and Tickets ( NOT THE OPEN RED BUS ),"Miami, FL 33132, USA",3.5,http://miamitoursandtickets.com/,0,Miami,FL
Deering Estate,"16701 SW 72nd Ave, Miami, FL 33157, USA",4.7,https://deeringestate.org/,0,Miami,FL
Indian Beach Park,"4601 Collins Ave, Miami Beach, FL 33140, USA",4.6,http://miamibeachfl.gov/parksandrecreation/scroll.aspx?id=49654,0,Miami,FL
Regatta Park,"3500 Pan American Dr, Miami, FL 33133, USA",4.7,https://www.miamigov.com/Residents/Parks-and-Recreation/Parks-Directory/Regatta-Park,0,Miami,FL
Historic Black Police Precinct Courthouse and Museum,"480 NW 11th St, Miami, FL 33136, USA",4.9,http://historicalblackprecinct.org/,0,Miami,FL
Alice Wainwright Park,"2901 Brickell Ave, Miami, FL 33129, USA",4.6,http://miamigov.com/parks,0,Miami,FL
HistoryMiami Museum,"101 W Flagler St, Miami, FL 33130, USA",4.6,http://www.historymiami.org/,0,Miami,FL
Mirador Brickell,"1121 Brickell Bay Dr, Miami, FL 33131, USA",4.7,,0,Miami,FL
Ocean Drive Miami Beach,"Miami Beach, FL 33139, USA",4.8,,0,Miami,FL
Bay of Pigs Monument,"806 SW 13th Ave, Miami, FL 33135, USA",4.5,,0,Miami,FL
Discovery Miami Beach,"1001 Ocean Dr, Miami Beach, FL 33139, USA",4.9,,0,Miami,FL
MAPS,"301 NW 23rd St, Miami, FL 33127, USA",5,,0,Miami,FL
Bill Baggs Cape Florida State Park,"1200 Crandon Blvd, Key Biscayne, FL 33149, USA",4.7,https://www.floridastateparks.org/parks-and-trails/bill-baggs-cape-florida-state-park,0,Miami,FL
Flamingo Park,"999 11th St, Miami Beach, FL 33139, USA",4.7,https://www.miamibeachfl.gov/city-hall/parks-and-recreation/parks-facilities-directory/flamingo-park/,0,Miami,FL
Simpson Park,"55 SW 17th Rd, Miami, FL 33129, USA",4.5,https://www.miamigov.com/Residents/Parks-Directory/Simpson-Park,0,Miami,FL
Miami Beach Boardwalk,"Miami Beach, FL 33140, USA",4.7,http://www.miamibeachboardwalk.com/,0,Miami,FL
Museum of Graffiti,"276 NW 26th St, Miami, FL 33127, USA",4.6,https://museumofgraffiti.com/,0,Miami,FL
Freedom Tower at Miami Dade College,"600 Biscayne Blvd, Miami, FL 33132, USA",4.5,https://www.freedomtowermiami.org/,0,Miami,FL
South Lawn,"Brickell Key, Brickell Key Dr, Miami, FL 33131, USA",4.5,,0,Miami,FL
The Dallas World Aquarium,"1801 N Griffin St, Dallas, TX 75202, USA",4.4,https://www.dwazoo.com/,0,Dallas,TX
Pioneer Plaza,"1428 Young St, Dallas, TX 75202, USA",4.6,http://www.dallasparks.org/Facilities/Facility/Details/Pioneer-Plaza-624,0,Dallas,TX
The Sixth Floor Museum at Dealey Plaza,"411 Elm St, Dallas, TX 75202, USA",4.6,https://www.jfk.org/,0,Dallas,TX
Reunion Tower,"300 Reunion Blvd E, Dallas, TX 75207, USA",4.6,https://www.reuniontower.com/,0,Dallas,TX
Dallas Zoo,"650 S R.L. Thornton Fwy, Dallas, TX 75203, USA",4.5,https://www.dallaszoo.com/,0,Dallas,TX
Dallas Museum of Art,"1717 N Harwood St, Dallas, TX 75201, USA",4.7,https://www.dma.org/,0,Dallas,TX
The Dallas Arboretum and Botanical Garden,"8525 Garland Rd, Dallas, TX 75218, USA",4.7,https://www.dallasarboretum.org/,0,Dallas,TX
John F. Kennedy Memorial Plaza,"646 Main St, Dallas, TX 75202, USA",4.5,https://www.jfk.org/john-f-kennedy-memorial-plaza/,0,Dallas,TX
Klyde Warren Park,"2012 Woodall Rodgers Fwy, Dallas, TX 75201, USA",4.7,https://www.klydewarrenpark.org/,0,Dallas,TX
Giant Eyeball,"1601 Main St, Dallas, TX 75201, USA",4.3,https://artandseek.org/2021/03/18/why-is-there-a-giant-eyeball-in-downtown-dallas-we-take-a-look/,0,Dallas,TX
Perot Museum of Nature and Science,"2201 N Field St, Dallas, TX 75201, USA",4.7,https://www.perotmuseum.org/,0,Dallas,TX
Nasher Sculpture Center,"2001 Flora St, Dallas, TX 75201, USA",4.5,http://www.nashersculpturecenter.org/,0,Dallas,TX
Dallas Holocaust and Human Rights Museum,"300 N Houston St, Dallas, TX 75202, USA",4.6,https://www.dhhrm.org/,0,Dallas,TX
Dealey Plaza,"Dallas, TX 75202, USA",4.6,,0,Dallas,TX
Old City Park,"1515 S Harwood St, Dallas, TX 75215, USA",4.6,http://www.oldcityparkdallas.org/,0,Dallas,TX
The Globe,"208 S Akard St Section C, Dallas, TX 75202, USA",4.6,http://discoverydistrict.att.com/,0,Dallas,TX
George W. Bush Presidential Center,"2943 SMU Boulevard, Dallas, TX 75205, USA",4.5,http://www.bushcenter.org/,0,Dallas,TX
African American Museum of Dallas,"3536 Grand Ave, Dallas, TX 75210, USA",4.7,http://www.aamdallas.org/,0,Dallas,TX
Ferris Plaza,"400 S Houston St, Dallas, TX 75202, USA",4.3,http://www.dallasparks.org/facilities/facility/details/Ferris-Plaza-484,0,Dallas,TX
Meadows Museum,"5900 Bishop Blvd, Dallas, TX 75205, USA",4.7,https://meadowsmuseumdallas.org/,0,Dallas,TX
Dallas Arboretum,"R7GM+GW, 8525 Garland Rd, Dallas, TX 75218, USA",4.7,https://www.dallasarboretum.org/visitor-information/gardens-and-pavilions/childrens-adventure-garden/,0,Dallas,TX
Frontiers of Flight Museum,"6911 Lemmon Ave, Dallas, TX 75209, USA",4.7,http://www.flightmuseum.com/,0,Dallas,TX
AT&T Discovery District,"308 S Akard St, Dallas, TX 75202, USA",4.8,https://discoverydistrict.att.com/,0,Dallas,TX
VisitDallas Mural,"2914 Commerce St, Dallas, TX 75226, USA",4,https://www.visitdallas.com/blog/deep-ellums-most-instaworthy-murals/,0,Dallas,TX
White Rock Lake Park,"8300 E Lawther Dr, Dallas, TX 75218, USA",4.7,https://www.dallasparks.org/235/White-Rock-Lake,0,Dallas,TX
Texas Discovery Gardens at Fair Park,"3601 Martin Luther King Jr Blvd, Dallas, TX 75210, USA",4.6,https://txdg.org/,0,Dallas,TX
Main Street Garden Park,"1902 Main St, Dallas, TX 75201, USA",4.5,http://mainstreetgarden.org/,0,Dallas,TX
Leonhardt Lagoon Nature Walk,"1121 1st Ave, Dallas, TX 75210, USA",4.5,https://www.fairparkdallas.com/discover/sites-and-attractions/buildings-and-landmarks,0,Dallas,TX
Civic Garden,"1014 Main St, Dallas, TX 75202, USA",4.4,https://parksfordowntowndallas.org/civic-garden/,0,Dallas,TX
Trinity Overlook Park,"110 W Commerce St, Dallas, TX 75205, USA",4.5,http://www.trinityrivercorridor.com/,0,Dallas,TX
Trammell Crow Park,"3700 Sylvan Ave, Dallas, TX 75207, USA",4.5,http://www.trinityrivercorridor.com/,0,Dallas,TX
Crow Museum of Asian Art of The University of Texas at Dallas,"2010 Flora St, Dallas, TX 75201, USA",4.6,http://www.crowmuseum.org/,0,Dallas,TX
Thanks-Giving Square,"1627 Pacific Ave, Dallas, TX 75201, USA",4.6,http://www.thanksgiving.org/,0,Dallas,TX
Dallas DeGolyer Estate,"8625 Garland Rd, Dallas, TX 75218, USA",4.7,https://www.dallasarboretum.org/visitor-information/gardens-and-pavilions/degolyer-gardens/,0,Dallas,TX
Bachman Lake Park,"3500 W Northwest Hwy, Dallas, TX 75220, USA",4.5,http://www.dallasparks.org/230/Bachman-Lake,0,Dallas,TX
Reverchon Park,"3505 Maple Ave, Dallas, TX 75219, USA",4.6,http://www.dallasparks.org/facilities/facility/details/Reverchon-Park-635,0,Dallas,TX
Museum of Illusions Dallas,"701 Ross Ave, Dallas, TX 75202, USA",4.4,https://moidallas.com/,0,Dallas,TX
Museum of Biblical Art,"7500 Park Ln, Dallas, TX 75225, USA",4.6,http://www.biblicalarts.org/,0,Dallas,TX
The Grassy Knoll,"411 Elm St, Dallas, TX 75202, USA",4.6,https://www.jfk.org/assassination-faq/,0,Dallas,TX
National Mall,"Washington, DC, USA",4.8,https://www.nps.gov/nama/index.htm,0,Washington DC,DC
Lincoln Memorial,"2 Lincoln Memorial Cir NW, Washington, DC 20002, USA",4.8,https://www.nps.gov/linc/index.htm/index.htm,0,Washington DC,DC
The Yards,"1300 First St SE, Washington, DC 20003, USA",4.7,http://theyardsdc.com/,0,Washington DC,DC
Washington National Cathedral,"3101 Wisconsin Ave NW, Washington, DC 20016, USA",4.8,https://cathedral.org/,0,Washington DC,DC
United States Botanic Garden,"100 Maryland Ave SW, Washington, DC 20001, USA",4.7,https://www.usbg.gov/,0,Washington DC,DC
"Martin Luther King, Jr. Memorial","1964 Independence Ave SW, Washington, DC 20004, USA",4.9,https://www.nps.gov/mlkm/index.htm,0,Washington DC,DC
Thomas Jefferson Memorial,"16 E Basin Dr SW, Washington, DC 20242, USA",4.8,https://www.nps.gov/thje/index.htm,0,Washington DC,DC
Vietnam Veterans Memorial,"5 Henry Bacon Dr NW, Washington, DC 20002, USA",4.9,https://www.nps.gov/vive/index.htm,0,Washington DC,DC
International Spy Museum,"700 L'Enfant Plaza SW, Washington, DC 20024, USA",4.4,https://www.spymuseum.org/,0,Washington DC,DC
Watermelon House,"1112 Q St NW, Washington, DC 20009, USA",4.6,https://www.watermelonhouse.com/,0,Washington DC,DC
United States Capitol,"Washington, DC 20004, USA",4.6,https://www.visitthecapitol.gov/,0,Washington DC,DC
Smithsonian National Museum of Natural History,"10th St. & Constitution Ave. NW, Washington, DC 20560, USA",4.8,https://naturalhistory.si.edu/,0,Washington DC,DC
United States Holocaust Memorial Museum,"100 Raoul Wallenberg Pl SW, Washington, DC 20024, USA",4.8,https://www.ushmm.org/,0,Washington DC,DC
Washington Monument,"2 15th St NW, Washington, DC 20024, USA",4.7,https://www.nps.gov/wamo/index.htm,0,Washington DC,DC
Tudor Place,"1644 31st St NW, Washington, DC 20007, USA",4.5,https://www.tudorplace.org/,0,Washington DC,DC
Meridian Hill Park,"16th St NW &, W St NW, Washington, DC 20009, USA",4.5,https://www.nps.gov/places/meridian-hill-park.htm,0,Washington DC,DC
Korean War Veterans Memorial,"900 Ohio Dr SW, Washington, DC 20024, USA",4.8,http://www.nps.gov/kowa/index.htm,0,Washington DC,DC
Friendship Archway,"728-730 7th St NW, Washington, DC 20001, USA",4.3,,0,Washington DC,DC
Georgetown Waterfront Park,"3303 Water St NW, Washington, DC 20007, USA",4.7,https://www.nps.gov/places/georgetown-waterfront-park.htm,0,Washington DC,DC
Smithsonian National Museum of American History,"1300 Constitution Ave. NW, Washington, DC 20560, USA",4.7,https://americanhistory.si.edu/,0,Washington DC,DC
Rock Creek Park,"Washington, DC, USA",4.8,https://www.nps.gov/rocr/index.htm,0,Washington DC,DC
Smithsonian National Zoological Park,"3001 Connecticut Ave NW, Washington, DC 20008, USA",4.6,https://nationalzoo.si.edu/,0,Washington DC,DC
National Portrait Gallery,"8th St NW & G St NW, Washington, DC 20001, USA",4.8,https://npg.si.edu/,0,Washington DC,DC
The Moongate Garden,"1200 Jefferson Dr SW, Washington, DC 20024, USA",4.9,,0,Washington DC,DC
National Museum of African American History and Culture,"1400 Constitution Ave. NW, Washington, DC 20560, USA",4.8,https://nmaahc.si.edu/,0,Washington DC,DC
National Museum of the American Indian,"4th St SW, Washington, DC 20560, USA",4.5,https://americanindian.si.edu/,0,Washington DC,DC
Frederick Douglass National Historic Site,"1411 W St SE, Washington, DC 20020, USA",4.8,http://www.nps.gov/frdo/index.htm,0,Washington DC,DC
National Gallery of Art,"Constitution Ave. NW, Washington, DC 20565, USA",4.8,https://www.nga.gov/,0,Washington DC,DC
Mother Earth Sculpture,"Georgetown Waterfront Park, 3100 K St NW, Washington, DC 20007, USA",4.6,https://motherearthproject.org/mother-earth-sculptures/,0,Washington DC,DC
National Capitol Columns,"3501, 3501 New York Ave NE, Washington, DC 20002, USA",4.8,https://www.usna.usda.gov/discover/gardens-collections/national-capitol-columns,0,Washington DC,DC
Titanic Memorial,"Washington, DC 20005, USA",4.5,https://www.nps.gov/nama/planyourvisit/titanic.htm,0,Washington DC,DC
National Building Museum,"401 F St NW, Washington, DC 20001, USA",4.3,https://www.nbm.org/,0,Washington DC,DC
White House Visitor Center,"1450 Pennsylvania Avenue NW, Washington, DC 20004, USA",4.4,http://www.nps.gov/whho/planyourvisit/directions.htm,0,Washington DC,DC
The Museum at Dumbarton Oaks,"1703 32nd St NW, Washington, DC 20007, USA",4.7,https://www.doaks.org/visit/plan,0,Washington DC,DC
Arts Walk Tower,"Washington, DC 20017, USA",3,,0,Washington DC,DC
Farragut Square,"912 17th St NW, Washington, DC 20006, USA",4.5,https://www.nps.gov/articles/600227.htm#4/34.45/-98.53,0,Washington DC,DC
Cascading Waterfall,"Washington, DC 20009, USA",3,https://www.nps.gov/places/000/cascading-fountain.htm,0,Washington DC,DC
Smithsonian American Art Museum,"G Street Northwest &, 8th St NW, Washington, DC 20004, USA",4.8,https://americanart.si.edu/visit/saam,0,Washington DC,DC
Iconic DC,"1628 11th St NW (side and rear alley, Washington, DC 20001, USA",4.5,,0,Washington DC,DC
Pershing Park,"Washington, DC 20045, USA",4.5,https://www.nps.gov/articles/pershing-park.htm,0,Washington DC,DC
Washington Monument Grounds,"130 17th St NW, Washington, DC 20006, USA",4.8,https://www.nps.gov/wamo/planyourvisit/basicinfo.htm,0,Washington DC,DC
Lincoln Memorial Reflecting Pool,"2 Lincoln Memorial Cir NW, Washington, DC 20024, USA",4.7,http://www.nps.gov/nama/planyourvisit/lincoln-memorial-reflecting-pool.htm,0,Washington DC,DC
National Gallery of Art – Sculpture Garden,"Constitution Ave NW &, 7th St NW, Washington, DC 20004, USA",4.7,http://www.nga.gov/,0,Washington DC,DC
National Harbor,"165 Waterfront St, Oxon Hill, MD 20745, USA",4.7,http://www.nationalharbor.com/,0,Washington DC,DC
Spanish Steps,"1725 22nd St NW, Washington, DC 20008, USA",4.4,,0,Washington DC,DC
John Marshall Park,"John Marshall Park, 400-448 C St NW, Washington, DC 20001, USA",4.5,http://www.nps.gov/nama,0,Washington DC,DC
East Potomac Park,"Ohio Dr SW, Washington, DC 20024, USA",4.6,,0,Washington DC,DC
Lafayette Square,"Pennsylvania Ave NW &, 16th St NW, Washington, DC 20001, USA",4.5,,0,Washington DC,DC
Smithsonian National Air and Space Museum,"600 Independence Ave SW, Washington, DC 20560, USA",4.6,https://airandspace.si.edu/,0,Washington DC,DC
White House East Wing,"1600 Pennsylvania Avenue NW, Washington, DC 20500, USA",4.4,https://www.whitehouse.gov/about-the-white-house/,0,Washington DC,DC
Old Stone House,"3051 M St NW, Washington, DC 20007, USA",4.2,https://www.nps.gov/rocr/planyourvisit/old-stone-house-visitor-center.htm,0,Washington DC,DC
Heurich House Museum,"1307 New Hampshire Ave NW, Washington, DC 20036, USA",4.5,http://heurichhouse.org/,0,Washington DC,DC
World War II Memorial,"1750 Independence Ave SW, Washington, DC 20024, USA",4.9,https://www.nps.gov/wwii/index.htm,0,Washington DC,DC
"Welcome to Washington, DC Sign","Washington, DC 20018, USA",4.4,http://dc.gov/,0,Washington DC,DC
Fort Dupont Park,"Minnesota Ave SE, Washington, DC 20019, USA",4.3,http://www.nps.gov/fodu/index.htm,0,Washington DC,DC
Smithsonian's National Postal Museum,"2 Massachusetts Ave NE, Washington, DC 20002, USA",4.7,https://postalmuseum.si.edu/,0,Washington DC,DC
Hirshhorn Museum,"Independence Ave SW &, 7th St SW, Washington, DC 20560, USA",4.5,https://hirshhorn.si.edu/,0,Washington DC,DC
George Mason Memorial,"900 Ohio Dr SW, Washington, DC 20024, USA",4.6,http://nps.gov/gemm,0,Washington DC,DC
The Yards Park,"355 Water St SE, Washington, DC 20003, USA",4.7,https://www.capitolriverfront.org/yards-park,0,Washington DC,DC
Lincoln Park,"Washington, DC 20003, USA",4.6,https://www.nps.gov/cahi/learn/historyculture/cahi_lincoln.htm,0,Washington DC,DC
The Orlando Eye,"8449 International Dr, Orlando, FL 32819, USA",4.6,https://www.theorlandoeye.com/,0,Orlando,FL
Lake Eola Park,"512 E Washington St, Orlando, FL 32801, USA",4.7,https://www.orlando.gov/Parks-the-Environment/Directory/Lake-Eola-Park,0,Orlando,FL
Universal Orlando Resort,"6000 Universal Blvd, Orlando, FL 32819, USA",4.7,https://www.universalorlando.com/web/en/us,0,Orlando,FL
Orlando Science Center,"777 E Princeton St, Orlando, FL 32803, USA",4.6,https://www.osc.org/,0,Orlando,FL
Fun Spot America Theme Parks - Orlando,"5700 Fun Spot Wy, Orlando, FL 32819, USA",4.5,http://www.fun-spot.com/,0,Orlando,FL
SeaWorld Orlando,"7007 Sea World Dr, Orlando, FL 32821, USA",4.4,https://seaworld.com/orlando/?utm_source=google&utm_medium=organic&utm_campaign=gbp_listing,0,Orlando,FL
Madame Tussauds Orlando,"8387 International Dr, Orlando, FL 32819, USA",4.6,https://www.madametussauds.com/orlando/?utm_source=local-listing&utm_medium=organic&utm_campaign=tickets,0,Orlando,FL
ICON Park,"Orlando, FL 32819, USA",4.6,https://iconparkorlando.com/,0,Orlando,FL
SEA LIFE Orlando Aquarium,"8449 International Dr, Orlando, FL 32819, USA",4.4,https://www.visitsealife.com/orlando/?utm_source=local-listing&utm_medium=organic&utm_campaign=tickets,0,Orlando,FL
Universal Studios Florida,"6000 Universal Blvd, Orlando, FL 32819, USA",4.7,https://www.universalorlando.com/web/en/us/theme-parks/universal-studios-florida?utm_source=google&utm_medium=organic&utm_campaign=GMB,0,Orlando,FL
Discovery Cove,"6000 Discovery Cove Way, Orlando, FL 32821, USA",4.7,https://discoverycove.com/orlando?utm_source=google&utm_medium=organic&utm_campaign=gbp_listing,0,Orlando,FL
Hogwarts Castle,"6000 Universal Blvd, Orlando, FL 32819, USA",4.8,https://www.universalorlando.com/webcontent/en/us?v=a6,0,Orlando,FL
Harry P Leu Gardens,"1920 N Forest Ave, Orlando, FL 32803, USA",4.7,https://www.leugardens.org/,0,Orlando,FL
The Wizarding World of Harry Potter - Hogsmeade,"6000 Universal Blvd, Orlando, FL 32819, USA",4.8,https://www.universalorlando.com/web/en/us/theme-parks/islands-of-adventure/the-wizarding-world-of-harry-potter-hogsmeade,0,Orlando,FL
The Wizarding World of Harry Potter - Diagon Alley,"6000 Universal Blvd, Orlando, FL 32819, USA",4.8,https://www.universalorlando.com/web/en/us/theme-parks/universal-studios-florida/the-wizarding-world-of-harry-potter-diagon-alley,0,Orlando,FL
Universal Islands of Adventure,"6000 Universal Blvd, Orlando, FL 32819, USA",4.7,https://www.universalorlando.com/web/en/us/theme-parks/islands-of-adventure,0,Orlando,FL
Universal CityWalk Orlando,"6000 Universal Blvd, Orlando, FL 32819, USA",4.7,https://www.universalorlando.com/web/en/us/theme-parks/citywalk,0,Orlando,FL
Ripley's Believe It or Not!,"8201 International Dr, Orlando, FL 32819, USA",4.3,https://www.ripleys.com/attractions/ripleys-believe-it-or-not-orlando,0,Orlando,FL
Downtown Orlando,"Orlando, FL 32801, USA",4.5,,0,Orlando,FL
Gatorland,"14501 S Orange Blossom Trl, Orlando, FL 32837, USA",4.6,https://www.gatorland.com/,0,Orlando,FL
IDRIVE ORLANDO (International Drive Orlando),"8015 International Dr #8214, Orlando, FL 32819, USA",4.5,https://www.idriveorlando.com/,0,Orlando,FL
Aquatica Orlando,"5800 Water Play Way, Orlando, FL 32821, USA",4.4,https://aquatica.com/orlando?utm_source=google&utm_medium=organic&utm_campaign=gbp_listing,0,Orlando,FL
Orlando Starflyer,"8265 International Dr unit c suite 108, Orlando, FL 32819, USA",4.7,http://starflyer.com/,0,Orlando,FL
Orlando Museum of Art,"2416 N Mills Ave, Orlando, FL 32803, USA",4.6,https://omart.org/?utm_source=gbp&utm_medium=visit-website&utm_campaign=gbp,0,Orlando,FL
iFLY Indoor Skydiving - Orlando,"8969 International Dr, Orlando, FL 32819, USA",4.7,https://www.iflyworld.com/orlando?utm_source=G&utm_medium=local&utm_campaign=google-local,0,Orlando,FL
WonderWorks Orlando,"9067 International Dr, Orlando, FL 32819, USA",4.3,http://www.wonderworksorlando.com/,0,Orlando,FL
Orange County Regional History Center,"65 E Central Blvd, Orlando, FL 32801, USA",4.7,http://www.thehistorycenter.org/,0,Orlando,FL
Museum of Illusions Orlando,"8375 International Drive Icon Park, FREE PARKING GARAGE: Floors 4-7, 8367 International Dr Suite #250, Orlando, FL 32819, USA",4.4,https://moiorlando.com/,0,Orlando,FL
Orlando Watersports Complex,"8615 Florida Rock Rd, Orlando, FL 32824, USA",4.8,https://www.orlandowatersports.com/,0,Orlando,FL
Mennello Museum of American Art,"900 E Princeton St, Orlando, FL 32803, USA",4.5,https://www.mennellomuseum.org/,0,Orlando,FL
"K1 Speed - Indoor Go Karts, Food, Games, and Things to Do In Orlando","5228 Vanguard St, Orlando, FL 32819, USA",4.4,https://k1speed.com/orlando-location.html?utm_campaign=gbl_orlando&utm_source=google&utm_medium=directory,0,Orlando,FL
Cypress Grove Park,"290 Holden Ave, Orlando, FL 32839, USA",4.7,http://www.ocfl.net/CultureParks/Parks.aspx?m=lstaz,0,Orlando,FL
America's Escape Game Orlando,"8723 International Dr, Orlando, FL 32819, USA",4.7,https://americasescapegame.com/orlando/,0,Orlando,FL
In The Game ICON Park,"8401 International Dr, Orlando, FL 32819, USA",4.4,https://inthegame.net/iconpark/,0,Orlando,FL
7D Motion Theater Ride At ICON Park,"8401 International Dr, Orlando, FL 32819, USA",4.1,https://inthegame.net/iconpark/,0,Orlando,FL
The Escape Game Orlando,"8145 International Dr #511, Orlando, FL 32819, USA",5,https://theescapegame.com/orlando/?utm_source=google&utm_medium=organic&utm_campaign=gbp&utm_id=orlando,0,Orlando,FL
Hollywood Drive-In Golf,"6000 Universal Blvd #774, Orlando, FL 32819, USA",4.6,http://www.hollywooddriveingolf.com/,0,Orlando,FL
Loch Haven Park,"777 E Princeton St, Orlando, FL 32803, USA",4.6,http://www.cityoforlando.net/parks/loch-haven-park/,0,Orlando,FL
I-Ride Trolley,"7081 Grand National Dr #105, Orlando, FL 32819, USA",2.9,http://www.iridetrolley.com/,0,Orlando,FL
Orlando Fire Museum,"814 E Rollins St, Orlando, FL 32803, USA",4.6,http://www.orlandofiremuseum.org/,0,Orlando,FL
Audubon Park Garden District,"3201 Corrine Dr #216, Orlando, FL 32803, USA",4.8,,0,Orlando,FL
CityArts,"39 S Magnolia Ave, Orlando, FL 32801, USA",4.7,https://downtownartsdistrict.com/,0,Orlando,FL
Tank America,"6605 Muskogee St, Orlando, FL 32807, USA",4.8,http://www.tankamerica.com/,0,Orlando,FL
Wells'Built Museum of African American History & Culture,"511 W South St, Orlando, FL 32805, USA",4.8,http://www.wellsbuilt.org/,0,Orlando,FL
Mayor Carl T. Langford Park,"1808 E Central Blvd, Orlando, FL 32803, USA",4.6,https://www.orlando.gov/Parks-the-Environment/Directory/Mayor-Carl-T.-Langford-Park,0,Orlando,FL
Epcot,"Bay Lake, FL, USA",4.7,https://disneyworld.disney.go.com/destinations/epcot/?CMP=OKC-80007838_GM_WDW_destination_epcot_NA,0,Orlando,FL
Jurassic Park River Adventure™,"6000 Universal Blvd, Orlando, FL 32819, USA",4.7,https://www.universalorlando.com/web/en/us/things-to-do/rides-attractions/jurassic-park-river-adventure,0,Orlando,FL
Harbor Park,"4990 New Broad St, Orlando, FL 32814, USA",4.7,https://alpha.orlando.gov/Services/Parks-Trees-Environment/Directory/Harbor-Park,0,Orlando,FL
MAX ACTION ARENA,"8441 International Dr, Orlando, FL 32819, USA",4.2,https://maxactionarena.com/orlando/,0,Orlando,FL
Greenwood Urban Wetlands,"1411 Greenwood St, Orlando, FL 32801, USA",4.6,https://www.orlando.gov/Parks-the-Environment/Directory/Greenwood-Urban-Wetlands,0,Orlando,FL
The Wheelhouse at ICON PARK,"8371 International Dr, Orlando, FL 32819, USA",4.6,,0,Orlando,FL
Balboa Park,"San Diego, CA, USA",4.8,https://balboapark.org/,0,San Diego,CA
Sunset Cliffs Natural Park,"Ladera St, San Diego, CA 92107, USA",4.8,https://www.sandiego.gov/park-and-recreation/parks/regional/shoreline/sunset,0,San Diego,CA
Cabrillo National Monument,"1800 Cabrillo Memorial Dr, San Diego, CA 92106, USA",4.8,https://www.nps.gov/cabr/index.htm,0,San Diego,CA
Old Town San Diego State Historic Park,"San Diego Avenue and, Twiggs St, San Diego, CA 92110, USA",4.7,http://www.parks.ca.gov/?page_id=663,0,San Diego,CA
Old Town San Diego,"2829 Juan St, San Diego, CA 92110, USA",4.6,https://www.oldtownsandiego.org/,0,San Diego,CA
SeaWorld San Diego,"500 Sea World Dr., San Diego, CA 92109, USA",4.4,https://seaworld.com/san-diego/?utm_source=google&utm_medium=organic&utm_campaign=gbp_listing,0,San Diego,CA
California Tower,"California Tower, 1350 El Prado, San Diego, CA 92101, USA",4.7,https://museumofus.org/exhibits/california-tower/,0,San Diego,CA
USS Midway Museum,"910 N Harbor Dr, San Diego, CA 92101, USA",4.8,https://www.midway.org/,0,San Diego,CA
Seaport Village,"849 W Harbor Dr, San Diego, CA 92101, USA",4.6,https://seaportvillage.com/,0,San Diego,CA
Martin Luther King Jr Promenade,"326 W Harbor Dr, San Diego, CA 92101, USA",4.5,https://www.sandiego.gov/park-and-recreation/parks,0,San Diego,CA
The San Diego Museum of Art,"1450 El Prado, San Diego, CA 92102, USA",4.6,https://www.sdmart.org/,0,San Diego,CA
San Diego Waterfront,"The, San Diego, CA 92101, USA",4.8,,0,San Diego,CA
Torrey Pines State Natural Reserve,"12600 N Torrey Pines Rd, La Jolla, CA 92037, USA",4.8,https://www.parks.ca.gov/?page_id=657,0,San Diego,CA
Japanese Friendship Garden and Museum,"2215 Pan American E Rd, San Diego, CA 92101, USA",4.6,http://www.niwa.org/,0,San Diego,CA
Desert Garden,"Zoo Pl, San Diego, CA 92104, USA",4.7,https://www.sandiego.gov/park-and-recreation/parks,0,San Diego,CA
Dolphin Point,"500 Sea World Dr., San Diego, CA 92109, USA",4.5,,0,San Diego,CA
San Diego Air & Space Museum,"2001 Pan American Plaza, San Diego, CA 92101, USA",4.6,https://www.sandiegoairandspace.org/,0,San Diego,CA
Cabrillo Bridge,"El Prado, San Diego, CA 92101, USA",4.8,https://www.balboapark.org/attractions/cabrillo-bridge,0,San Diego,CA
Chicano Park,"1949 Logan Ave, San Diego, CA 92113, USA",4.6,http://www.chicano-park.com/,0,San Diego,CA
Coronado Bridge,"CA-75, Coronado, CA 92118, USA",4.7,http://dot.ca.gov/,0,San Diego,CA
Gaslamp Quarter - The Historic Heart Of San Diego,"614 Fifth Ave, San Diego, CA 92101, USA",4.5,http://www.gaslamp.org/,0,San Diego,CA
Alcázar Garden,"1363 El Prado, San Diego, CA 92101, USA",4.7,https://balboapark.org/parks-trails-gardens/alcazar-garden/,0,San Diego,CA
Mission Beach Boardwalk,"W Mission Bay Dr, San Diego, CA 92109, USA",4.7,https://www.sandiego.gov/,0,San Diego,CA
San Diego Zoo Safari Park,"15500 San Pasqual Valley Rd, Escondido, CA 92027, USA",4.7,https://sdzsafaripark.org/,0,San Diego,CA
Sesame Place San Diego,"2052 Entertainment Cir, Chula Vista, CA 91911, USA",4.1,https://sesameplace.com/san-diego?utm_source=google&utm_medium=organic&utm_campaign=gbp_listing,0,San Diego,CA
Museum of Us,"1350 El Prado, San Diego, CA 92101, USA",4.3,http://www.museumofus.org/,0,San Diego,CA
Heritage County Park,"2454 Heritage Park Row, San Diego, CA 92110, USA",4.7,http://www.sdparks.org/content/sdparks/en/park-pages/Heritage.html,0,San Diego,CA
The New Children’s Museum,"200 W Island Ave, San Diego, CA 92101, USA",4.5,http://www.thinkplaycreate.org/,0,San Diego,CA
La Jolla Shores Park,"8300 Camino Del Oro, La Jolla, CA 92037, USA",4.7,https://www.sandiego.gov/lifeguards/beaches/shores,0,San Diego,CA
Waterfront Park,"1600 Pacific Hwy, San Diego, CA 92101, USA",4.7,https://www.sdparks.org/content/sdparks/en/park-pages/Waterfront.html,0,San Diego,CA
Harper's Topiary Garden,"3549 Union St, San Diego, CA 92103, USA",4.5,http://hiddensandiego.net/topiary-gardens.php,0,San Diego,CA
San Diego Free Tour,"222 Fifth Ave, San Diego, CA 92101, USA",4.9,https://sdfreetour.com/,0,San Diego,CA
Presidio Park,"2811 Jackson St, San Diego, CA 92110, USA",4.6,https://www.sandiego.gov/park-and-recreation/parks/regional/presidio,0,San Diego,CA
North Park Sign,"2920-2928 University Ave, San Diego, CA 92104, USA",4.8,http://www.northparkmainstreet.com/,0,San Diego,CA
Maritime Museum of San Diego,"1492 N Harbor Dr, San Diego, CA 92101, USA",4.7,http://www.sdmaritime.org/,0,San Diego,CA
Whaley House Museum,"2476 San Diego Ave, San Diego, CA 92110, USA",4.4,https://www.whaleyhousesandiego.com/,0,San Diego,CA
Skytower,"500 Sea World Dr., San Diego, CA 92109, USA",4,http://seaworld.com/,0,San Diego,CA
Spruce Street Suspension Bridge,"W Spruce St, San Diego, CA 92103, USA",4.7,,0,San Diego,CA
Tuna Harbor Park,"3 Tuna Ln, San Diego, CA 92101, USA",4.7,https://www.portofsandiego.org/where-to-go/embarcadero/tuna-harbor-park,0,San Diego,CA
Harbor Island Park,"1875 Harbor Island Dr, San Diego, CA 92101, USA",4.7,http://www.portofsandiego.org/,0,San Diego,CA
Iolani Palace,"364 S King St, Honolulu, HI 96813, USA",4.6,https://www.iolanipalace.org/,0,Honolulu,HI
Aloha Tower,"Aloha Tower, 155 Ala Moana Blvd, Honolulu, HI 96813, USA",4.2,,0,Honolulu,HI
Honolulu Zoo,"151 Kapahulu Ave, Honolulu, HI 96815, USA",4.2,https://www.honolulu.gov/zoo.html,0,Honolulu,HI
Pearl Harbor National Memorial,"1 Arizona Memorial Pl, Honolulu, HI 96818, USA",4.8,https://www.nps.gov/perl/index.htm,0,Honolulu,HI
Bishop Museum,"1525 Bernice St, Honolulu, HI 96817, USA",4.6,https://www.bishopmuseum.org/,0,Honolulu,HI
USS Arizona Memorial,"1 Arizona Memorial Pl, Honolulu, HI 96818, USA",4.9,https://www.nps.gov/perl/uss-arizona-memorial-programs.htm,0,Honolulu,HI
Ala Moana Regional Park,"1201 Ala Moana Blvd, Honolulu, HI 96814, USA",4.6,http://www.honolulu.gov/parks,0,Honolulu,HI
Washington Place,"320 S Beretania St., Honolulu, HI 96813, USA",4.6,http://www.washingtonplacefoundation.org/,0,Honolulu,HI
Queen Emma Summer Palace,"2913 Pali Hwy, Honolulu, HI 96817, USA",4.6,https://daughtersofhawaii.org/queen-emma-summer-palace/,0,Honolulu,HI
Kakaʻako Waterfront Park,"102 Ohe St, Honolulu, HI 96813, USA",4.3,http://www.honolulu.gov/parks.html,0,Honolulu,HI
Waikiki Aquarium,"2777 Kalākaua Ave, Honolulu, HI 96815, USA",3.9,https://www.waikikiaquarium.org/,0,Honolulu,HI
"Shangri La Museum of Islamic Art, Culture & Design","4055 Pāpū Cir, Honolulu, HI 96816, USA",4.6,http://www.shangrilahawaii.org/,0,Honolulu,HI
Battleship Missouri Memorial,"63 Cowpens St, Honolulu, HI 96818, USA",4.8,http://www.ussmissouri.org/,0,Honolulu,HI
Koko Crater Railway Trailhead,"7604 Koko Head Park Rd #7602, Honolulu, HI 96825, USA",4.9,https://noahlangphotography.com/blog/koko-head-crater-stairs-trail-oahu-hawaii,0,Honolulu,HI
Lyon Arboretum,"3860 Manoa Rd, Honolulu, HI 96822, USA",4.7,https://manoa.hawaii.edu/lyon,0,Honolulu,HI
Kapiʻolani Regional Park,"3840 Paki Ave, Honolulu, HI 96815, USA",4.6,https://www.honolulu.gov/parks/default/park-locations.html,0,Honolulu,HI
Tantalus Lookout - Puu Ualakaa State Park,"Nutridge St, Honolulu, HI 96822, USA",4.8,http://dlnr.hawaii.gov/dsp/parks/oahu/puu-ualakaa-state-wayside/,0,Honolulu,HI
National Memorial Cemetery of the Pacific,"2177 Puowaina Dr, Honolulu, HI 96813, USA",4.7,https://www.cem.va.gov/cems/nchp/nmcp.asp,0,Honolulu,HI
"Public Art ""Makua and Kila""","Kūhiō Beach, Honolulu, HI 96815, USA",4.6,http://www.publicartinpublicplaces.info/makua-and-kila-2001-by-holly-young,0,Honolulu,HI
Hoʻomaluhia Botanical Garden,"45-680 Luluku Rd, Kaneohe, HI 96744, USA",4.7,http://www.honolulu.gov/parks/hbg/,0,Honolulu,HI
Duke Paoa Kahanamoku Statue,"Kalākaua Ave, Honolulu, HI 96815, USA",4.6,https://www.publicartinpublicplaces.info/duke-paoa-kahanamoku-1990-by-jan-gordon-fisher,0,Honolulu,HI
China Walls,"Hanapepe Pl, Honolulu, HI 96825, USA",4.7,,0,Honolulu,HI
Kuhio Beach,"2453 Kalākaua Ave, Honolulu, HI 96815, USA",4.7,http://www.honolulu.gov/parks/default/about-us.html,0,Honolulu,HI
Don Ho Statue,"2324 Kalākaua Ave, Honolulu, HI 96815, USA",4.4,,0,Honolulu,HI
Le'ahi Beach Park,"3187 Diamond Head Rd, Honolulu, HI 96815, USA",4.6,https://lookintohawaii.com/hawaii/4177/leahi-beach-park-beach-oahu-honolulu-hi,0,Honolulu,HI
Waikīkī Beach,"Honolulu, HI 96815, USA",4.6,https://noahlangphotography.com/blog/best-waikiki-beach-hotels-and-food-oahu-hawaii,0,Honolulu,HI
Puʻu ʻUalakaʻa State Wayside,"2760 Round Top Dr, Honolulu, HI 96822, USA",4.8,http://dlnr.hawaii.gov/dsp/parks/oahu/puu-ualakaa-state-wayside/,0,Honolulu,HI
Lānaʻi Lookout,"8102 Kalanianaʻole Hwy, Honolulu, HI 96825, USA",4.8,,0,Honolulu,HI
Turtle Canyon,"7599+33, Honolulu, HI, USA",4.8,https://www.turtlecanyon.net/,0,Honolulu,HI
Puʻu ʻUalakaʻa State Wayside Park,"3198 Round Top Dr, Honolulu, HI 96822, USA",4.6,http://dlnr.hawaii.gov/dsp/parks/oahu/puu-ualakaa-state-wayside/,0,Honolulu,HI
Chinatown,"1034 Maunakea St, Honolulu, HI 96817, USA",3.7,,0,Honolulu,HI
King Kamehameha Statue,"447 S King St, Honolulu, HI 96813, USA",4.5,https://portal.ehawaii.gov/,0,Honolulu,HI
Koko Crater Botanical Garden,"7491 Kokonani St, Honolulu, HI 96825, USA",4.6,http://www.honolulu.gov/cms-dpr-menu/site-dpr-sitearticles/572-koko-crater-botanical-garden.html,0,Honolulu,HI
"Public Art ""The Stones of Life""","Honolulu, HI 96815, USA",4.7,https://www.publicartinpublicplaces.info/the-stones-of-life-1997,0,Honolulu,HI
Diamond Head Lighthouse,"3399 Diamond Head Rd, Honolulu, HI 96815, USA",4.4,https://www.pacificarea.uscg.mil/Organizations/District-14/,0,Honolulu,HI
Eternal Flame Memorial,"420 S Beretania St., Honolulu, HI 96813, USA",4.3,,0,Honolulu,HI
Diamond Head State Monument,"Honolulu, HI 96815, USA",4.7,https://dlnr.hawaii.gov/dsp/parks/oahu/diamond-head-state-monument/,0,Honolulu,HI
Foster Botanical Garden,"50 N Vineyard Blvd, Honolulu, HI 96817, USA",4.6,http://www.honolulu.gov/cms-dpr-menu/site-dpr-sitearticles/568-foster-botanical-garden.html,0,Honolulu,HI
Honolulu Museum of Art (HoMA),"900 S Beretania St., Honolulu, HI 96814, USA",4.6,https://honolulumuseum.org/,0,Honolulu,HI
Moanalua Gardens,"2850-A Moanalua Rd, Honolulu, HI 96819, USA",4.2,http://www.moanaluagardens.com/,0,Honolulu,HI
Halona Blowhole Lookout,"8483 HI-72, Honolulu, HI 96825, USA",4.7,https://www.hawaii.com/oahu/attractions/halona-blowhole-beach-cove/,0,Honolulu,HI
Kaʻau Crater Trail,"3000 10th Ave, Honolulu, HI 96816, USA",4.7,https://noahlangphotography.com/blog/kaau-crater-trail-oahu-hawaii,0,Honolulu,HI
Mānoa Falls Trail,"Na Ala Hele, Honolulu, HI 96822, USA",4.7,https://noahlangphotography.com/blog/manoa-falls-trail-oahu-hawaii,0,Honolulu,HI
Aliʻiolani Hale,"417 S King St, Honolulu, HI 96813, USA",4.7,http://www.jhchawaii.net/,0,Honolulu,HI
Fort DeRussy Beach Park,"2055 Kālia Rd, Honolulu, HI 96815, USA",4.6,,0,Honolulu,HI
Kolowalu Park,"1240 Ala Moana Blvd, Honolulu, HI 96814, USA",4.5,,0,Honolulu,HI
Liliʻuokalani Botanical Garden,"123 N Kuakini St, Honolulu, HI 96817, USA",4,http://www.honolulu.gov/parks/hbg.html,0,Honolulu,HI
The Friends of Falls of Clyde,"1 Aloha Tower Dr, Honolulu, HI 96813, USA",4.3,http://www.friendsoffallsofclyde.org/,0,Honolulu,HI
Hawaiian Mission Houses Historic Site and Archives,"553 S King St, Honolulu, HI 96813, USA",4.7,https://missionhouses.org/,0,Honolulu,HI
Fort Ruger Park,"534 Paikau St, Honolulu, HI 96816, USA",4.3,,0,Honolulu,HI
Sans Souci State Recreational Park,"Honolulu, HI 96815, USA",4.6,,0,Honolulu,HI
Mākālei Beach Park,"3111 Diamond Head Rd, Honolulu, HI 96815, USA",4.7,http://www.honolulu.gov/parks,0,Honolulu,HI
Queen Kapiʻolani Garden,"3698 Paki Ave #3672, Honolulu, HI 96815, USA",4.1,,0,Honolulu,HI
Capitol Modern,"250 South Hotel St Second Floor, 250 S Hotel St #5, Honolulu, HI 96813, USA",4.5,https://www.capitolmodern.org/,0,Honolulu,HI
Diamond Head Beach Park,"3300 Diamond Head Rd, Honolulu, HI 96815, USA",4.6,,0,Honolulu,HI
Waiʻalae Beach Park,"4925 Kahala Ave, Honolulu, HI 96816, USA",4.5,,0,Honolulu,HI
Mauna ʻAla — Royal Mausoleum,"2261 Nuuanu Ave, Honolulu, HI 96817, USA",4.5,http://dlnr.hawaii.gov/dsp/parks/oahu/royal-mausoleum-state-monument/,0,Honolulu,HI
Honolulu Watershed Forest Reserve,"Honolulu, HI 96822, USA",4.7,http://dlnr.hawaii.gov/forestry/frs/reserves/oahu/,0,Honolulu,HI
Point panic,"1128 Clio Street, Honolulu, HI 96822, USA",4.6,,0,Honolulu,HI
Kewalo Basin Park,"1125 Ala Moana Blvd, Honolulu, HI 96814, USA",4.4,,0,Honolulu,HI
Olympic Sculpture Park,"2901 Western Ave, Seattle, WA 98121, USA",4.5,https://www.seattleartmuseum.org/visit/olympic-sculpture-park/,0,Seattle,WC
Seattle Aquarium,"1483 Alaskan Way Pier 59, Seattle, WA 98101, USA",4.3,https://www.seattleaquarium.org/,0,Seattle,WC
Chihuly Garden and Glass,"305 Harrison St, Seattle, WA 98109, USA",4.7,https://www.chihulygardenandglass.com/,0,Seattle,WC
Space Needle,"400 Broad St, Seattle, WA 98109, USA",4.6,https://www.spaceneedle.com/,0,Seattle,WC
The Gum Wall,"1428 Post Alley, Seattle, WA 98101, USA",4.2,https://unexpectedproductions.org/gumwall/,0,Seattle,WC
Discovery Park,"Seattle, WA 98199, USA",4.8,https://www.seattle.gov/parks/allparks/discovery-park,0,Seattle,WC
The Seattle Great Wheel,"1301 Alaskan Wy, Seattle, WA 98101, USA",4.6,https://seattlegreatwheel.com/,0,Seattle,WC
Museum of Pop Culture,"325 5th Ave N, Seattle, WA 98109, USA",4.6,https://www.mopop.org/,0,Seattle,WC
Smith Tower,"506 2nd Ave, Seattle, WA 98104, USA",4.6,http://www.smithtower.com/,0,Seattle,WC
Fremont Troll,"North 36th Street, Troll Ave N, Seattle, WA 98103, USA",4.5,,0,Seattle,WC
Washington Park Arboretum,"2300 Arboretum Dr E, Seattle, WA 98112, USA",4.8,https://botanicgardens.uw.edu/washington-park-arboretum/,0,Seattle,WC
Pike Place Market,"85 Pike St, Seattle, WA 98101, USA",4.6,https://www.pikeplacemarket.org/,0,Seattle,WC
Seattle Japanese Garden,"1075 E Lk Washington Blvd, Seattle, WA 98112, USA",4.6,https://www.seattlejapanesegarden.org/,0,Seattle,WC
International Fountain,"305 Harrison St, Seattle, WA 98109, USA",4.6,https://www.seattlecenter.com/explore/attractions/international-fountain,0,Seattle,WC
Seattle Art Museum,"1300 1st Ave, Seattle, WA 98101, USA",4.6,https://www.seattleartmuseum.org/,0,Seattle,WC
Kerry Park,"211 W Highland Dr, Seattle, WA 98119, USA",4.8,https://www.seattle.gov/parks/find/parks/kerry-park,0,Seattle,WC
Pacific Science Center,"200 2nd Ave N, Seattle, WA 98109, USA",4.5,https://www.pacificsciencecenter.org/?utm_source=local&utm_medium=organic&utm_campaign=gmb,0,Seattle,WC
Seattle Pinball Museum,"508 Maynard Ave S, Seattle, WA 98104, USA",4.6,http://www.seattlepinballmuseum.com/,0,Seattle,WC
Seattle Center,"305 Harrison St, Seattle, WA 98109, USA",4.6,https://www.seattlecenter.com/,0,Seattle,WC
Woodland Park Zoo,"Seattle, WA 98103, USA",4.6,https://www.zoo.org/,0,Seattle,WC
Green Lake Park,"7201 East Green Lake Dr N, Seattle, WA 98115, USA",4.7,http://www.seattle.gov/parks/find/parks/green-lake-park,0,Seattle,WC
Seattle Skyline,"1054 Harbor Ave SW, Seattle, WA 98116, USA",4.9,,0,Seattle,WC
Gas Works Park,"2101 N Northlake Way, Seattle, WA 98103, USA",4.7,https://www.seattle.gov/parks/allparks/gas-works-park,0,Seattle,WC
Alki Beach Park,"2665 Alki Ave SW, Seattle, WA 98116, USA",4.7,http://www.seattle.gov/parks/find/parks/alki-beach-park,0,Seattle,WC
Sky View Observatory - Columbia Center,"700 4th Ave, Seattle, WA 98104, USA",4.7,http://skyviewobservatory.com/,0,Seattle,WC
Museum of History & Industry (MOHAI),"860 Terry Ave N, Seattle, WA 98109, USA",4.6,https://mohai.org/,0,Seattle,WC
West Point Lighthouse,"Seattle, WA 98199, USA",4.6,http://www.lighthousefriends.com/light.asp?id=33,0,Seattle,WC
Beneath the Streets,"102 Cherry St, Seattle, WA 98104, USA",4.6,http://www.beneath-the-streets.com/,0,Seattle,WC
Original Selfie Museum | Seattle,"92 Union St, Seattle, WA 98101, USA",4.6,https://originalselfiemuseum.com/,0,Seattle,WC
Myrtle Edwards Park,"3130 Alaskan Way, Seattle, WA 98121, USA",4.7,http://www.seattle.gov/parks/find/parks/myrtle-edwards-park,0,Seattle,WC
Seattle Panoramic View,"211 W Highland Dr, Seattle, WA 98119, USA",4.9,http://www.seattle.gov/parks/find/parks/kerry-park,0,Seattle,WC
Volunteer Park,"1247 15th Ave E, Seattle, WA 98112, USA",4.7,http://www.seattle.gov/parks/find/parks/volunteer-park,0,Seattle,WC
Pier 55,"1101 Alaskan Wy, Seattle, WA 98101, USA",4.6,https://www.argosycruises.com/parking-directions/,0,Seattle,WC
Waterfront Park,"1401 Alaskan Wy, Seattle, WA 98101, USA",4.5,http://www.seattle.gov/parks/find/parks/waterfront-park,0,Seattle,WC
Golden Gardens Park,"8498 Seaview Pl NW, Seattle, WA 98117, USA",4.7,http://www.seattle.gov/parks/find/parks/golden-gardens-park,0,Seattle,WC
Pier 56,"1201 Alaskan Wy, Seattle, WA 98101, USA",4.8,https://www.elliottsoysterhouse.com/,0,Seattle,WC
Kubota Garden,"9817 55th Ave S, Seattle, WA 98118, USA",4.7,http://www.kubotagarden.org/,0,Seattle,WC
Ballard (Hiram M. Chittenden) Locks,"3015 NW 54th St, Seattle, WA 98107, USA",4.7,https://ballardlocks.org/,0,Seattle,WC
Seattle Children's Museum,"305 Harrison St, Seattle, WA 98109, USA",4.3,https://seattlechildrensmuseum.org/,0,Seattle,WC
Seattle Chinese Garden,"6000 16th Ave SW, Seattle, WA 98106, USA",4.6,http://www.seattlechinesegarden.org/,0,Seattle,WC
Frye Art Museum,"704 Terry Ave, Seattle, WA 98104, USA",4.6,https://fryemuseum.org/,0,Seattle,WC
Seward Park,"5900 Lake Washington Blvd S, Seattle, WA 98118, USA",4.8,http://www.seattle.gov/parks/find/parks/seward-park,0,Seattle,WC
Waterfall Garden,"219 2nd Ave S, Seattle, WA 98104, USA",4.6,https://www.pioneersquare.org/experiences/waterfall-garden-park,0,Seattle,WC
Klondike Gold Rush National Historical Park,"319 2nd Ave S, Seattle, WA 98104, USA",4.7,http://www.nps.gov/klse/index.htm,0,Seattle,WC
Volunteer Park Conservatory,"1400 E Galer St, Seattle, WA 98112, USA",4.8,https://volunteerparkconservatory.org/,0,Seattle,WC
Lake Union Park,"860 Terry Ave N, Seattle, WA 98109, USA",4.6,http://www.seattle.gov/parks/find/parks/lake-union-park,0,Seattle,WC
National Nordic Museum,"2655 NW Market St, Seattle, WA 98107, USA",4.6,http://www.nordicmuseum.org/,0,Seattle,WC
Wing Luke Museum,"719 S King St, Seattle, WA 98104, USA",4.6,http://www.wingluke.org/,0,Seattle,WC
Historic Chinatown Gate,"504 5th Ave S, Seattle, WA 98104, USA",4.4,http://seattle.gov/,0,Seattle,WC
Harbor Steps Staircase Plaza,"Harbor Steps, Seattle, WA 98101, USA",4.6,,0,Seattle,WC
Westlake Park,"401 Pine St, Seattle, WA 98101, USA",4.2,http://www.seattle.gov/parks/find/parks/westlake-park,0,Seattle,WC
World Famous Giant Shoe Museum,"1501 Pike Pl # 424, Seattle, WA 98101, USA",3.3,https://www.roadsideamerica.com/story/15540,0,Seattle,WC
Overlook Walk,"1505 Alaskan Wy, Seattle, WA 98101, USA",4.8,https://waterfrontparkseattle.org/your-guide-to-waterfront-park#overlook-walk,0,Seattle,WC
Centennial Park,"2711 Alaskan Way W, Seattle, WA 98119, USA",4.7,https://www.portseattle.org/places/centennial-park,0,Seattle,WC
Tilikum Place,"2701 5th Ave, Seattle, WA 98121, USA",4.3,http://www.seattle.gov/parks/find/parks/tilikum-place,0,Seattle,WC
Statue of Lenin,"3526 Fremont Pl N, Seattle, WA 98103, USA",4.2,,0,Seattle,WC
Freeway Park,"700 Seneca St, Seattle, WA 98101, USA",4.2,http://www.seattle.gov/parks/find/parks/freeway-park,0,Seattle,WC
Jimi Hendrix Statue,"1604 Broadway, Seattle, WA 98122, USA",4.5,,0,Seattle,WC
Pioneer Square,"100 Yesler Wy, Seattle, WA 98104, USA",4.1,http://www.seattle.gov/parks/find/parks/pioneer-square,0,Seattle,WC
The Parthenon,"2500 West End Ave, Nashville, TN 37203, USA",4.6,https://www.nashvilleparthenon.com/,0,Nashville,TN
Country Music Hall of Fame and Museum,"222 Rep. John Lewis Way S, Nashville, TN 37203, USA",4.6,https://countrymusichalloffame.org/,0,Nashville,TN
Grand Ole Opry,"600 Opry Mills Dr, Nashville, TN 37214, USA",4.8,https://www.opry.com/?utm_campaign=opry&utm_medium=organicsearch&utm_source=googlemybusiness&utm_audience=tofu_googlemybusiness&utm_content=brandstory_google_my_business_website_link,0,Nashville,TN
Nashville Zoo at Grassmere,"3777 Nolensville Pk, Nashville, TN 37211, USA",4.5,http://www.nashvillezoo.org/,0,Nashville,TN
Walk of Fame Park,"121 4th Ave S, Nashville, TN 37201, USA",4.4,http://www.visitmusiccity.com/walkoffame/,0,Nashville,TN
Centennial Park,"2500 West End Ave, Nashville, TN 37203, USA",4.7,https://www.nashville.gov/departments/parks/parks/centennial-park,0,Nashville,TN
Belle Meade Historic Site & Winery,"5025 Harding Pike, Nashville, TN 37205, USA",4.6,https://visitbellemeade.com/,0,Nashville,TN
Johnny Cash Museum,"119 3rd Ave S, Nashville, TN 37201, USA",4.6,http://www.johnnycashmuseum.com/,0,Nashville,TN
Musicians Hall of Fame and Museum,"401 Gay St, Nashville, TN 37219, USA",4.6,https://www.musicianshalloffame.com/,0,Nashville,TN
Frist Art Museum,"919 Broadway, Nashville, TN 37203, USA",4.6,https://fristartmuseum.org/,0,Nashville,TN
Cheekwood,"1200 Forrest Park Dr, Nashville, TN 37205, USA",4.7,https://www.cheekwood.org/,0,Nashville,TN
NashTrash Tours,"900 Rosa L Parks Blvd, Nashville, TN 37208, USA",4.8,http://www.nashtrash.com/,0,Nashville,TN
Ryman Auditorium,"116 5th Ave N, Nashville, TN 37219, USA",4.8,https://www.ryman.com/?utm_campaign=ryman&utm_medium=organicsearch&utm_source=googlemybusiness&utm_audience=tofu_googlemybusiness&utm_content=brandstory_google_my_business_website_link,0,Nashville,TN
Bicentennial Capitol Mall State Park,"600 James Robertson Pkwy, Nashville, TN 37243, USA",4.7,https://tnstateparks.com/parks/bicentennial-mall,0,Nashville,TN
Andrew Jackson’s Hermitage,"4580 Rachels Ln, Hermitage, TN 37076, USA",4.7,https://thehermitage.com/,0,Nashville,TN
John Seigenthaler Pedestrian Bridge,"Nashville, TN 37201, USA",4.7,http://www.nashville.gov/News-Media/News-Article/ID/2797/Mayor-Governor-Dedicate-John-Seigenthaler-Pedestrian-Bridge.aspx,0,Nashville,TN
Lane Motor Museum,"702 Murfreesboro Pike, Nashville, TN 37210, USA",4.8,http://www.lanemotormuseum.org/,0,Nashville,TN
Cumberland Park,"592 S 1st St, Nashville, TN 37213, USA",4.6,http://www.nashville.gov/parks-and-recreation/parks/cumberland-park.aspx,0,Nashville,TN
Fort Nashborough,"170 1st Ave N, Nashville, TN 37201, USA",4.1,https://www.nashville.gov/Parks-and-Recreation/Historic-Sites/Fort-Nashborough.aspx,0,Nashville,TN
Radnor Lake State Park,"1160 Otter Creek Rd, Nashville, TN 37220, USA",4.8,https://tnstateparks.com/parks/radnor-lake,0,Nashville,TN
I Believe In Nashville Mural,"2702 12th Ave S, Nashville, TN 37204, USA",4.6,https://ibelieveinnashville.com/,0,Nashville,TN
"""Musica"" Statue","Roundabout Plaza, 1600 Division St, Nashville, TN 37203, USA",4.3,http://www.alanlequire.com/Musica,0,Nashville,TN
Fannie Mae Dees Park,"2400 Blakemore Ave, Nashville, TN 37212, USA",4.6,http://maps.nashville.gov/NashvilleParksFinder/default.htm?parkID=34,0,Nashville,TN
Nashville Public Square Park,"Union St & 3rd Ave N, Nashville, TN 37201, USA",4.6,https://www.nashvilledowntown.com/go/public-square-park,0,Nashville,TN
Belmont Mansion,"Belmont Blvd. and, Acklen Ave, Nashville, TN 37212, USA",4.6,https://www.belmontmansion.com/,0,Nashville,TN
Riverfront Park,"100 1st Ave N, Nashville, TN 37201, USA",4.5,http://www.nashville.gov/Parks-and-Recreation/Parks.aspx,0,Nashville,TN
Patsy Cline Museum,"119 3rd Ave S, Nashville, TN 37201, USA",4.6,https://www.patsymuseum.com/,0,Nashville,TN
Honky Tonk Highway,"501 Broadway, Nashville, TN 37203, USA",4.7,https://www.visitmusiccity.com/visitors/honkytonkhighway,0,Nashville,TN
Historic Travellers Rest Historic House Museum,"636 Farrell Pkwy, Nashville, TN 37220, USA",4.6,http://historictravellersrest.org/,0,Nashville,TN
Tennessee State Museum,"1000 Rosa L Parks Blvd, Nashville, TN 37208, USA",4.7,http://www.tnmuseum.org/,0,Nashville,TN
Nashville Music Garden,"400-498 Demonbreun St, Nashville, TN 37201, USA",4.6,,0,Nashville,TN
2nd Avenue Historic District,"2nd Ave N, Nashville, TN 37201, USA",4.6,https://www.nashvilledowntown.com/go/second-avenue,0,Nashville,TN
Adventure Science Center,"800 Fort Negley Blvd, Nashville, TN 37203, USA",4.5,http://www.adventuresci.org/,0,Nashville,TN
LEGO Man Mural,"Nashville, TN 37203, USA",4.2,,0,Nashville,TN
Nashville Shores,"4001 Bell Rd, Hermitage, TN 37076, USA",4.3,https://nashvilleshores.com/waterpark,0,Nashville,TN
National Museum of African American Music,"510 Broadway, Nashville, TN 37203, USA",4.9,https://www.nmaam.org/,0,Nashville,TN
Shy's Hill,"Benton Smith Rd, Nashville, TN 37215, USA",4.5,http://www.bonps.org/shys-hill/,0,Nashville,TN
Steepest pavement in Middle Tennessee,"Nashville, TN 37210, USA",4.6,,0,Nashville,TN
Germantown | Nashville,"603 Taylor St, Nashville, TN 37208, USA",3.2,https://www.visitmusiccity.com/explore-nashville/neighborhoods/germantown,0,Nashville,TN
Sudekum Planetarium,"800 Fort Negley Blvd, Nashville, TN 37203, USA",4.4,https://www.adventuresci.org/planetarium/,0,Nashville,TN
Nashville WhatLiftsYou Wings Mural,"302 11th Ave S, Nashville, TN 37203, USA",4.7,http://kelseymontagueart.com/nashville-whatliftsyou-wings/,0,Nashville,TN
Fort Negley,"1100 Fort Negley Blvd, Nashville, TN 37203, USA",4.5,https://www.nashville.gov/departments/parks/historic-sites/fort-negley,0,Nashville,TN
Church Street Park,"600 Church St, Nashville, TN 37219, USA",3.8,,0,Nashville,TN
Owen Bradley Park,"1 Music Square E, Nashville, TN 37203, USA",4.4,http://www.nashville.gov/Parks-and-Recreation/Parks.aspx,0,Nashville,TN
Tennessee Central Railway Museum,"220 Willow St, Nashville, TN 37210, USA",4.3,http://www.tcry.org/,0,Nashville,TN
Jefferson Street Sound,"2004 Jefferson St, Nashville, TN 37208, USA",4.9,http://jeffersonstreetsound.com/,0,Nashville,TN
President James K. Polk Tomb,"600 Charlotte Ave, Nashville, TN 37219, USA",4.6,http://capitol.tn.gov/,0,Nashville,TN
Nashville downtown,"Nashville, TN 37243, USA",4.1,,0,Nashville,TN
Nashville Looks Good On You Mural,"2511 12th Ave S, Nashville, TN 37204, USA",4.9,https://nash.tn/blogs/Nashville-looks-good-on-you-mural-locations,0,Nashville,TN
Shelby Bottoms Nature Center & Greenway,"1900 Davidson St, Nashville, TN 37206, USA",4.8,https://www.nashville.gov/departments/parks/nature-centers-and-natural-areas/shelby-bottoms-nature-center,0,Nashville,TN
Sri Ganesha Temple in Nashville,"527 Old Hickory Blvd, Nashville, TN 37209, USA",4.9,http://www.ganeshatemple.org/,0,Nashville,TN
The Escape Game Nashville (Downtown),"162 3rd Ave N, Nashville, TN 37201, USA",5,https://theescapegame.com/nashville/?utm_source=google&utm_medium=organic&utm_campaign=gbp&utm_id=nsh-downtown,0,Nashville,TN
Belmont Mansion Visitor Parking,"Corner of Acklen Avenue &, on the Belmont campus, Belmont Cir, Nashville, TN 37212, USA",4.4,https://www.belmontmansion.com/visit,0,Nashville,TN
Shelby Park,"Shelby Ave & S 20th St, Nashville, TN 37206, USA",4.7,https://www.nashville.gov/Parks-and-Recreation/Parks/Shelby-Park.aspx,0,Nashville,TN
delta riverboats,"2800 Opryland Dr, Nashville, TN 37214, USA",4.3,,0,Nashville,TN
Buffalo Statues,"610 Dickerson Pike, Nashville, TN 37207, USA",4.8,,0,Nashville,TN
Printers Alley,"Printers Alley Between Union St and, Commerce St, Nashville, TN 37219, USA",4.6,http://printersalley.com/,0,Nashville,TN
Military Branch of the Tennessee State Museum,"301 6th Ave N, Nashville, TN 37243, USA",4.3,https://tnmuseum.org/military-branch,0,Nashville,TN
Tennessee Sports Hall of Fame,"501 Broadway, Nashville, TN 37203, USA",4.3,http://tshf.net/,0,Nashville,TN
Atlanta Botanical Garden,"1345 Piedmont Ave NE, Atlanta, GA 30309, USA",4.7,https://www.atlantabg.org/,0,Atlanta,GA
Piedmont Park,"Atlanta, GA 30309, USA",4.8,https://piedmontpark.org/,0,Atlanta,GA
Atlanta History Center,"130 W Paces Ferry Rd NW, Atlanta, GA 30305, USA",4.7,http://www.atlantahistorycenter.com/,0,Atlanta,GA
Georgia Aquarium,"225 Baker St NW, Atlanta, GA 30313, USA",4.6,https://www.georgiaaquarium.org/,0,Atlanta,GA
"Martin Luther King, Jr. National Historical Park","450 Auburn Ave NE, Atlanta, GA 30312, USA",4.8,https://www.nps.gov/malu/index.htm,0,Atlanta,GA
World of Coca-Cola,"121 Baker St NW, Atlanta, GA 30313, USA",4.4,https://www.worldofcoca-cola.com/,0,Atlanta,GA
High Museum of Art,"1280 Peachtree St NE, Atlanta, GA 30309, USA",4.7,https://www.high.org/,0,Atlanta,GA
Krog Street Tunnel,"1 Krog St NE, Atlanta, GA 30307, USA",4.6,https://discoveratlanta.com/things-to-do/krog-street-tunnel/,0,Atlanta,GA
Centennial Olympic Park,"Atlanta, GA 30313, USA",4.6,https://www.gwcca.org/centennial-olympic-park,0,Atlanta,GA
SkyView Atlanta,"168 Luckie St NW, Atlanta, GA 30303, USA",4.5,http://www.skyviewatlanta.com/,0,Atlanta,GA
Zoo Atlanta,"800 Cherokee Ave SE, Atlanta, GA 30315, USA",4.5,https://zooatlanta.org/,0,Atlanta,GA
Fernbank Museum | 3D Theater | Forest,"767 Clifton Rd N E, Atlanta, GA 30307, USA",4.5,https://www.fernbankmuseum.org/,0,Atlanta,GA
Fox Theatre,"660 Peachtree St NE, Atlanta, GA 30308, USA",4.7,https://www.foxtheatre.org/,0,Atlanta,GA
Historic Fourth Ward Park,"680 Dallas St NE, Atlanta, GA 30308, USA",4.7,http://www.h4wpc.org/,0,Atlanta,GA
Children's Museum of Atlanta,"275 Centennial Olympic Park Dr NW, Atlanta, GA 30313, USA",4.4,https://childrensmuseumatlanta.org/,0,Atlanta,GA
Grant Park,"840 Cherokee Ave SE, Atlanta, GA 30315, USA",4.6,http://www.gpconservancy.org/,0,Atlanta,GA
Oakland Cemetery,"248 Oakland Ave SE, Atlanta, GA 30312, USA",4.7,http://www.oaklandcemetery.com/,0,Atlanta,GA
LEGO Discovery Center Atlanta,"3500 Peachtree St NE Suite G-1, Atlanta, GA 30326, USA",3.7,https://www.legodiscoverycenter.com/atlanta/?utm_source=local-listing&utm_medium=organic&utm_campaign=tickets,0,Atlanta,GA
Underground Atlanta,"50 Upper Alabama St, Atlanta, GA 30303, USA",3.4,http://www.undergroundatl.com/,0,Atlanta,GA
Swan House at Atlanta History Center,"130 W Paces Ferry Rd NW, Atlanta, GA 30305, USA",4.7,https://www.atlantahistorycenter.com/buildings-and-grounds/swan-house/,0,Atlanta,GA
Folk Art Park,"Courtland St NE, Atlanta, GA 30308, USA",4.2,,0,Atlanta,GA
Blue Heron Nature Preserve,"4055 Roswell Rd NE, Atlanta, GA 30342, USA",4.6,http://bhnp.org/,0,Atlanta,GA
Pemberton Place,"126 Ivan Allen Jr Blvd NW, Atlanta, GA 30308, USA",4.6,,0,Atlanta,GA
Georgia Capitol Museum,"206 Washington St SW, Atlanta, GA 30334, USA",4.4,https://www.libs.uga.edu/capitolmuseum/,0,Atlanta,GA
International Peace Fountain,"113 Peachtree St, Atlanta, GA 30303, USA",4.3,http://www.atlantadowntown.com/initiatives/woodruff-park/history,0,Atlanta,GA
Jimmy Carter Presidential Library and Museum,"441 John Lewis Freedom Pkwy NE, Atlanta, GA 30307, USA",4.7,http://www.jimmycarterlibrary.gov/,0,Atlanta,GA
Cascade Springs Nature Preserve,"2852 Cascade Rd, Atlanta, GA 30311, USA",4.5,https://www.atlantatrails.com/hiking-trails/cascade-springs-nature-preserve/,0,Atlanta,GA
Michael C. Carlos Museum,"571 South Kilgo Cir NE, Atlanta, GA 30322, USA",4.8,http://www.carlos.emory.edu/,0,Atlanta,GA
"Millennium Gate Museum - History Art Museum Atlanta, Georgia | Classical Architecture","395 17th St NW, Atlanta, GA 30363, USA",4.5,http://www.thegatemuseum.org/,0,Atlanta,GA
Center For Puppetry Arts,"1404 Spring St NW, Atlanta, GA 30309, USA",4.7,http://www.puppet.org/,0,Atlanta,GA
Atlanta Memorial Park,"384 Woodward Way NW, Atlanta, GA 30305, USA",4.6,http://atlmemorialpark.org/,0,Atlanta,GA
Apex Museum,"135 Auburn Ave NE SE, Atlanta, GA 30303, USA",4.7,http://www.apexmuseum.org/,0,Atlanta,GA
Freedom Park,"Moreland Ave NE & North Avenue NE, Atlanta, GA 30308, USA",4.7,http://www.freedompark.org/,0,Atlanta,GA
Illuminarium Atlanta,"550 Somerset Terrace NE, Atlanta, GA 30306, USA",3.9,https://eclipso-entertainment.com/en/,0,Atlanta,GA
Fairlie-Poplar District,"56 Forsyth St NW, Atlanta, GA 30303, USA",4.3,,0,Atlanta,GA
"""It's a living"" street art","130 10th St NE, Atlanta, GA 30309, USA",4.5,,0,Atlanta,GA
Tiny Doors ATL,"225 Chester Ave SE Suite B, Atlanta, GA 30316, USA",4.4,http://www.tinydoorsatl.com/,0,Atlanta,GA
National Center for Civil and Human Rights,"100 Ivan Allen Jr Blvd NW, Atlanta, GA 30313, USA",4.8,http://www.civilandhumanrights.org/,0,Atlanta,GA
Olympic Rings,"Centennial Olympic Park Dr &, Andrew Young International Blvd NW, Atlanta, GA 30313, USA",4.7,,0,Atlanta,GA
Fernbank Forest,"767 Clifton Rd N E, Atlanta, GA 30307, USA",4.7,http://www.fernbankmuseum.org/,0,Atlanta,GA
Woodruff Park,"91 Peachtree St, Atlanta, GA 30303, USA",4.1,,0,Atlanta,GA
Woodruff Park Fountain,"Atlanta, GA 30303, USA",4.1,https://www.atlantadowntown.com/woodruff-park,0,Atlanta,GA
Margaret Mitchell House,"979 Crescent Ave NE, Atlanta, GA 30309, USA",4.4,http://www.atlantahistorycenter.com/explore/destinations/margaret-mitchell-house,0,Atlanta,GA
Delta Flight Museum,"1220 Woolman Pl, Hapeville, GA 30354, USA",4.7,http://deltamuseum.org/,0,Atlanta,GA
Time to Escape - Atlanta Escape Room (Downtown),"231 Peachtree St NE b19, Atlanta, GA 30303, USA",4.9,https://itstimetoescape.com/escape-room-atlanta/,0,Atlanta,GA
Fountain of Rings,"265 Park Ave W NW, Atlanta, GA 30313, USA",4.6,https://www.gwcca.org/fountain-of-rings,0,Atlanta,GA